Station:;Datum;Behandling;Ruta;Art;Species;Fältkommentar;Slåtter
Brunflo;20170718;Ytskrapning;1;Agrostis sp.;Agrostis sp.;;
Brunflo;20170718;Ytskrapning;1;Bockrot;Pimpinella saxifraga;;
Brunflo;20170718;Ytskrapning;1;Fjällvedel;Astragalus alpinus;;
Brunflo;20170718;Ytskrapning;1;Flockfibbla;Hieracium umbellatum;;
Brunflo;20170718;Ytskrapning;1;Getväppling;Anthyllis vulneraria;;
Brunflo;20170718;Ytskrapning;1;Glasbjörk;Betula pubescens;;
Brunflo;20170718;Ytskrapning;1;Grustrav;Arabidopsis suecica;;
Brunflo;20170718;Ytskrapning;1;Grusviva;Androsace septentrionalis;;
Brunflo;20170718;Ytskrapning;1;Gråbo;Artemisia vulgaris;;
Brunflo;20170718;Ytskrapning;1;Gråfibbla;Pilosella officinarum;;
Brunflo;20170718;Ytskrapning;1;Gulsporre;Linaria vulgaris;;
Brunflo;20170718;Ytskrapning;1;Hundäxing;Dactylis glomerata;;
Brunflo;20170718;Ytskrapning;1;Klofibbla;Crepis tectorum;;
Brunflo;20170718;Ytskrapning;1;Kråkvicker;Vicia cracca;;
Brunflo;20170718;Ytskrapning;1;Käringtand;Lotus corniculatus;;
Brunflo;20170718;Ytskrapning;1;Mjölkört;Chamaenerion angustifolium;;
Brunflo;20170718;Ytskrapning;1;Ranunculus sp.;Ranunculus sp.;;
Brunflo;20170718;Ytskrapning;1;Renfana;Tanacetum vulgare;;
Brunflo;20170718;Ytskrapning;1;Rödklöver;Trifolium pratense;;
Brunflo;20170718;Ytskrapning;1;Rödsvingel;Festuca rubra;;
Brunflo;20170718;Ytskrapning;1;Röllika;Achillea millefolium;;
Brunflo;20170718;Ytskrapning;1;Småsporre;Chaenorhinum minus;;
Brunflo;20170718;Ytskrapning;1;Storven;Agrostis gigantea;;
Brunflo;20170718;Ytskrapning;1;Trifolium sp.;Trifolium sp.;;
Brunflo;20170718;Ytskrapning;2;Agrostis sp.;Agrostis sp.;;
Brunflo;20170718;Ytskrapning;2;Bockrot;Pimpinella saxifraga;;
Brunflo;20170718;Ytskrapning;2;Botrychium sp.;Botrychium sp.;;
Brunflo;20170718;Ytskrapning;2;Fjällvedel;Astragalus alpinus;;
Brunflo;20170718;Ytskrapning;2;Flockfibbla;Hieracium umbellatum;;
Brunflo;20170718;Ytskrapning;2;Getväppling;Anthyllis vulneraria;;
Brunflo;20170718;Ytskrapning;2;Groblad;Plantago major;;
Brunflo;20170718;Ytskrapning;2;Grustrav;Arabidopsis suecica;;
Brunflo;20170718;Ytskrapning;2;Grusviva;Androsace septentrionalis;;
Brunflo;20170718;Ytskrapning;2;Gråbo;Artemisia vulgaris;;
Brunflo;20170718;Ytskrapning;2;Gulsporre;Linaria vulgaris;;
Brunflo;20170718;Ytskrapning;2;Hundäxing;Dactylis glomerata;;
Brunflo;20170718;Ytskrapning;2;Höstfibbla;Scorzoneroides autumnalis;;
Brunflo;20170718;Ytskrapning;2;Klofibbla;Crepis tectorum;;
Brunflo;20170718;Ytskrapning;2;Kråkvicker;Vicia cracca;;
Brunflo;20170718;Ytskrapning;2;Käringtand;Lotus corniculatus;;
Brunflo;20170718;Ytskrapning;2;Maskros;Taraxacum;;
Brunflo;20170718;Ytskrapning;2;Mjölkört;Chamaenerion angustifolium;;
Brunflo;20170718;Ytskrapning;2;Renfana;Tanacetum vulgare;;
Brunflo;20170718;Ytskrapning;2;Rödsvingel;Festuca rubra;;
Brunflo;20170718;Ytskrapning;2;Röllika;Achillea millefolium;;
Brunflo;20170718;Ytskrapning;2;Småsporre;Chaenorhinum minus;;
Brunflo;20170718;Ytskrapning;2;Stormåra;Gallium mollugo;;
Brunflo;20170718;Ytskrapning;2;Storven;Agrostis gigantea;;
Brunflo;20170718;Ytskrapning;2;Vitklöver;Trifolium repens;;
Brunflo;20170718;Ytskrapning;3;Agrostis sp.;Agrostis sp.;;
Brunflo;20170718;Ytskrapning;3;Bockrot;Pimpinella saxifraga;;
Brunflo;20170718;Ytskrapning;3;Fjällvedel;Astragalus alpinus;;
Brunflo;20170718;Ytskrapning;3;Groblad;Plantago major;;
Brunflo;20170718;Ytskrapning;3;Grustrav;Arabidopsis suecica;;
Brunflo;20170718;Ytskrapning;3;Grusviva;Androsace septentrionalis;;
Brunflo;20170718;Ytskrapning;3;Gråbo;Artemisia vulgaris;;
Brunflo;20170718;Ytskrapning;3;Gulsporre;Linaria vulgaris;;
Brunflo;20170718;Ytskrapning;3;Klofibbla;Crepis tectorum;;
Brunflo;20170718;Ytskrapning;3;Kummin;Carum carvi;;
Brunflo;20170718;Ytskrapning;3;Maskros;Taraxacum;;
Brunflo;20170718;Ytskrapning;3;Mjölkört;Chamaenerion angustifolium;;
Brunflo;20170718;Ytskrapning;3;Ranunculus sp.;Ranunculus sp.;;
Brunflo;20170718;Ytskrapning;3;Rödklöver;Trifolium pratense;;
Brunflo;20170718;Ytskrapning;3;Rödsvingel;Festuca rubra;;
Brunflo;20170718;Ytskrapning;3;Röllika;Achillea millefolium;;
Brunflo;20170718;Ytskrapning;3;Småsporre;Chaenorhinum minus;;
Brunflo;20170718;Ytskrapning;3;Stormåra;Gallium mollugo;;
Brunflo;20170718;Ytskrapning;3;Storven;Agrostis gigantea;;
Brunflo;20170718;Ytskrapning;3;Vitklöver;Trifolium repens;;
Brunflo;20170718;Ytskrapning;4;Agrostis sp.;Agrostis sp.;;
Brunflo;20170718;Ytskrapning;4;Backskärvfrö;Noccaea caerulescens;;
Brunflo;20170718;Ytskrapning;4;Bockrot;Pimpinella saxifraga;;
Brunflo;20170718;Ytskrapning;4;Euphrasia sp.;Euphrasia sp.;;
Brunflo;20170718;Ytskrapning;4;Fjällvedel;Astragalus alpinus;;
Brunflo;20170718;Ytskrapning;4;Flockfibbla;Hieracium umbellatum;;
Brunflo;20170718;Ytskrapning;4;Getväppling;Anthyllis vulneraria;;
Brunflo;20170718;Ytskrapning;4;Groblad;Plantago major;;
Brunflo;20170718;Ytskrapning;4;Grustrav;Arabidopsis suecica;;
Brunflo;20170718;Ytskrapning;4;Grusviva;Androsace septentrionalis;;
Brunflo;20170718;Ytskrapning;4;Gråbo;Artemisia vulgaris;;
Brunflo;20170718;Ytskrapning;4;Gulsporre;Linaria vulgaris;;
Brunflo;20170718;Ytskrapning;4;Klofibbla;Crepis tectorum;;
Brunflo;20170718;Ytskrapning;4;Kummin;Carum carvi;;
Brunflo;20170718;Ytskrapning;4;Lundelm;Elymus caninus;;
Brunflo;20170718;Ytskrapning;4;Maskros;Taraxacum;;
Brunflo;20170718;Ytskrapning;4;Mjölkört;Chamaenerion angustifolium;;
Brunflo;20170718;Ytskrapning;4;Rödklöver;Trifolium pratense;;
Brunflo;20170718;Ytskrapning;4;Rödsvingel;Festuca rubra;;
Brunflo;20170718;Ytskrapning;4;Röllika;Achillea millefolium;;
Brunflo;20170718;Ytskrapning;4;Stormåra;Gallium mollugo;;
Brunflo;20170718;Ytskrapning;4;Timotej;Phleum pratense;;
Brunflo;20170718;Ytskrapning;4;Vitklöver;Trifolium repens;;
Brunflo;20170718;Ytskrapning;5;Agrostis sp.;Agrostis sp.;;
Brunflo;20170718;Ytskrapning;5;Backskärvfrö;Noccaea caerulescens;;
Brunflo;20170718;Ytskrapning;5;Bockrot;Pimpinella saxifraga;;
Brunflo;20170718;Ytskrapning;5;Fjällvedel;Astragalus alpinus;;
Brunflo;20170718;Ytskrapning;5;Flockfibbla;Hieracium umbellatum;;
Brunflo;20170718;Ytskrapning;5;Getväppling;Anthyllis vulneraria;;
Brunflo;20170718;Ytskrapning;5;Glasbjörk;Betula pubescens;;
Brunflo;20170718;Ytskrapning;5;Groblad;Plantago major;;
Brunflo;20170718;Ytskrapning;5;Grustrav;Arabidopsis suecica;;
Brunflo;20170718;Ytskrapning;5;Grusviva;Androsace septentrionalis;;
Brunflo;20170718;Ytskrapning;5;Gråbo;Artemisia vulgaris;;
Brunflo;20170718;Ytskrapning;5;Gråfibbla;Pilosella officinarum;;
Brunflo;20170718;Ytskrapning;5;Klofibbla;Crepis tectorum;;
Brunflo;20170718;Ytskrapning;5;Kråkvicker;Vicia cracca;;
Brunflo;20170718;Ytskrapning;5;Kummin;Carum carvi;;
Brunflo;20170718;Ytskrapning;5;Käringtand;Lotus corniculatus;;
Brunflo;20170718;Ytskrapning;5;Liten blåklocka;Campanula rotundifolia;;
Brunflo;20170718;Ytskrapning;5;Lundelm;Elymus caninus;Endast vegetativa skott men mkt likt;
Brunflo;20170718;Ytskrapning;5;Mjölkört;Chamaenerion angustifolium;;
Brunflo;20170718;Ytskrapning;5;Renfana;Tanacetum vulgare;;
Brunflo;20170718;Ytskrapning;5;Rödsvingel;Festuca rubra;;
Brunflo;20170718;Ytskrapning;5;Röllika;Achillea millefolium;;
Brunflo;20170718;Ytskrapning;5;Småsporre;Chaenorhinum minus;;
Brunflo;20170718;Ytskrapning;5;Stormåra;Gallium mollugo;;
Brunflo;20170718;Ytskrapning;5;Storven;Agrostis gigantea;;
Brunflo;20170718;Ytskrapning;5;Vitklöver;Trifolium repens;;
Brunflo;20170718;Ytskrapning;6;Agrostis sp.;Agrostis sp.;;
Brunflo;20170718;Ytskrapning;6;Botrychium sp.;Botrychium sp.;;
Brunflo;20170718;Ytskrapning;6;Fjällvedel;Astragalus alpinus;;
Brunflo;20170718;Ytskrapning;6;Getväppling;Anthyllis vulneraria;;
Brunflo;20170718;Ytskrapning;6;Groblad;Plantago major;;
Brunflo;20170718;Ytskrapning;6;Grustrav;Arabidopsis suecica;;
Brunflo;20170718;Ytskrapning;6;Grusviva;Androsace septentrionalis;;
Brunflo;20170718;Ytskrapning;6;Gråbo;Artemisia vulgaris;;
Brunflo;20170718;Ytskrapning;6;Gråfibbla;Pilosella officinarum;;
Brunflo;20170718;Ytskrapning;6;Gulsporre;Linaria vulgaris;;
Brunflo;20170718;Ytskrapning;6;Klofibbla;Crepis tectorum;;
Brunflo;20170718;Ytskrapning;6;Kummin;Carum carvi;;
Brunflo;20170718;Ytskrapning;6;Lundelm;Elymus caninus;;
Brunflo;20170718;Ytskrapning;6;Mjölkört;Chamaenerion angustifolium;;
Brunflo;20170718;Ytskrapning;6;Renfana;Tanacetum vulgare;;
Brunflo;20170718;Ytskrapning;6;Rödklöver;Trifolium pratense;;
Brunflo;20170718;Ytskrapning;6;Rödsvingel;Festuca rubra;;
Brunflo;20170718;Ytskrapning;6;Röllika;Achillea millefolium;;
Brunflo;20170718;Ytskrapning;6;Sandnarv;Arenaria serpyllifolia;;
Brunflo;20170718;Ytskrapning;6;Småsporre;Chaenorhinum minus;;
Brunflo;20170718;Ytskrapning;6;Stormåra;Gallium mollugo;;
Brunflo;20170718;Ytskrapning;6;Storven;Agrostis gigantea;;
Brunflo;20170718;Ytskrapning;6;Vitklöver;Trifolium repens;;
Mattmar;20170722;Ytskrapning;1;Betula sp.;Betula sp.;;
Mattmar;20170722;Ytskrapning;1;Epilobium sp.;Epilobium sp.;;
Mattmar;20170722;Ytskrapning;1;Festuca sp.;Festuca sp.;skott;
Mattmar;20170722;Ytskrapning;1;Fjällgröe;Poa alpina;;
Mattmar;20170722;Ytskrapning;1;Gatkamomill;Matricaria discoidea;;
Mattmar;20170722;Ytskrapning;1;Gråbo;Artemisia vulgaris;;
Mattmar;20170722;Ytskrapning;1;Hundäxing;Dactylis glomerata;;
Mattmar;20170722;Ytskrapning;1;Klofibbla;Crepis tectorum;;
Mattmar;20170722;Ytskrapning;1;Krustistel;Carduus crispus;;
Mattmar;20170722;Ytskrapning;1;Kråkvicker;Vicia cracca;;
Mattmar;20170722;Ytskrapning;1;Kvickrot;Elytrigia repens;;
Mattmar;20170722;Ytskrapning;1;Käringtand;Lotus corniculatus;;
Mattmar;20170722;Ytskrapning;1;Nordbaldersbrå;Tripleurospermum maritimum subsp. subpolare;;
Mattmar;20170722;Ytskrapning;1;Rödklöver;Trifolium pratense;;
Mattmar;20170722;Ytskrapning;1;Rödsvingel;Festuca rubra;;
Mattmar;20170722;Ytskrapning;1;Rödven;Agrostis capillaris;;
Mattmar;20170722;Ytskrapning;1;Röllika;Achillea millefolium;;
Mattmar;20170722;Ytskrapning;1;Sandnarv;Arenaria serpyllifolia;;
Mattmar;20170722;Ytskrapning;1;Sandtrav;Arabidopsis arenosa;;
Mattmar;20170722;Ytskrapning;1;Sandtrav;Arabidopsis arenosa;;
Mattmar;20170722;Ytskrapning;1;Storven;Agrostis gigantea;;
Mattmar;20170722;Ytskrapning;1;Taraxacum sp.;Taraxacum sp.;;
Mattmar;20170722;Ytskrapning;1;Timotej;Phleum pratense;;
Mattmar;20170722;Ytskrapning;2;Epilobium sp.;Epilobium sp.;;
Mattmar;20170722;Ytskrapning;2;Foderlosta;Bromopsis inermis;;
Mattmar;20170722;Ytskrapning;2;Gatkamomill;Matricaria discoidea;;
Mattmar;20170722;Ytskrapning;2;Gråbo;Artemisia vulgaris;;
Mattmar;20170722;Ytskrapning;2;Gulvial;Lathyrus pratensis;;
Mattmar;20170722;Ytskrapning;2;Höstfibbla;Scorzoneroides autumnalis;;
Mattmar;20170722;Ytskrapning;2;Klofibbla;Crepis tectorum;;
Mattmar;20170722;Ytskrapning;2;Krustistel;Carduus crispus;;
Mattmar;20170722;Ytskrapning;2;Kråkvicker;Vicia cracca;;
Mattmar;20170722;Ytskrapning;2;Käringtand;Lotus corniculatus;;
Mattmar;20170722;Ytskrapning;2;Mjölkört;Chamaenerion angustifolium;;
Mattmar;20170722;Ytskrapning;2;Rödklöver;Trifolium pratense;;
Mattmar;20170722;Ytskrapning;2;Rödsvingel?;#N/A;små skott;
Mattmar;20170722;Ytskrapning;2;Röllika;Achillea millefolium;;
Mattmar;20170722;Ytskrapning;2;Sandtrav;Arabidopsis arenosa;;
Mattmar;20170722;Ytskrapning;2;Sandtrav;Arabidopsis arenosa;;
Mattmar;20170722;Ytskrapning;2;Storven;Agrostis gigantea;;
Mattmar;20170722;Ytskrapning;2;Taraxacum sp.;Taraxacum sp.;;
Mattmar;20170722;Ytskrapning;2;Timotej;Phleum pratense;;
Mattmar;20170722;Ytskrapning;3;Bergrör;Calamagrostis epigejos;;
Mattmar;20170722;Ytskrapning;3;Gatkamomill;Matricaria discoidea;;
Mattmar;20170722;Ytskrapning;3;Gråbo;Artemisia vulgaris;;
Mattmar;20170722;Ytskrapning;3;Gulvial;Lathyrus pratensis;;
Mattmar;20170722;Ytskrapning;3;Hundäxing;Dactylis glomerata;;
Mattmar;20170722;Ytskrapning;3;Klofibbla;Crepis tectorum;;
Mattmar;20170722;Ytskrapning;3;Kråkvicker;Vicia cracca;;
Mattmar;20170722;Ytskrapning;3;Kvickrot;Elytrigia repens;;
Mattmar;20170722;Ytskrapning;3;Rödklöver;Trifolium pratense;;
Mattmar;20170722;Ytskrapning;3;Rödsvingel?;#N/A;små skott men likt i jämförelse med mer välutvecklade plantor;
Mattmar;20170722;Ytskrapning;3;Röllika;Achillea millefolium;;
Mattmar;20170722;Ytskrapning;3;Sandtrav;Arabidopsis arenosa;;
Mattmar;20170722;Ytskrapning;3;Stormåra;Gallium mollugo;;
Mattmar;20170722;Ytskrapning;3;Storven;Agrostis gigantea;;
Mattmar;20170722;Ytskrapning;3;Taraxacum sp.;Taraxacum sp.;;
Mattmar;20170722;Ytskrapning;3;Timotej;Phleum pratense;;
Mattmar;20170722;Ytskrapning;4;Bergrör;Calamagrostis epigejos;;
Mattmar;20170722;Ytskrapning;4;Bockrot;Pimpinella saxifraga;;
Mattmar;20170722;Ytskrapning;4;Gatkamomill;Matricaria discoidea;;
Mattmar;20170722;Ytskrapning;4;Gråbo;Artemisia vulgaris;;
Mattmar;20170722;Ytskrapning;4;Hundäxing;Dactylis glomerata;;
Mattmar;20170722;Ytskrapning;4;Klofibbla;Crepis tectorum;;
Mattmar;20170722;Ytskrapning;4;Kvickrot;Elytrigia repens;;
Mattmar;20170722;Ytskrapning;4;Käringtand;Lotus corniculatus;;
Mattmar;20170722;Ytskrapning;4;Rödklöver;Trifolium pratense;;
Mattmar;20170722;Ytskrapning;4;Rödsvingel?;#N/A;små skott men likt i jämförelse med mer välutvecklade plantor;
Mattmar;20170722;Ytskrapning;4;Röllika;Achillea millefolium;;
Mattmar;20170722;Ytskrapning;4;Sandnarv;Arenaria serpyllifolia;;
Mattmar;20170722;Ytskrapning;4;Sandtrav;Arabidopsis arenosa;;
Mattmar;20170722;Ytskrapning;4;Sandtrav;Arabidopsis arenosa;;
Mattmar;20170722;Ytskrapning;4;Stormåra;Gallium mollugo;;
Mattmar;20170722;Ytskrapning;4;Storven;Agrostis gigantea;;
Mattmar;20170722;Ytskrapning;4;Taraxacum sp.;Taraxacum sp.;;
Mattmar;20170722;Ytskrapning;4;Timotej?;#N/A;små skott men likt i jämförelse med mer välutvecklade plantor;
Mattmar;20170722;Ytskrapning;4;Åkervädd;Knautia arvensis;;
Mattmar;20170722;Ytskrapning;5;Bergrör;Calamagrostis epigejos;;
Mattmar;20170722;Ytskrapning;5;Bockrot;Pimpinella saxifraga;;
Mattmar;20170722;Ytskrapning;5;Gråbo;Artemisia vulgaris;;
Mattmar;20170722;Ytskrapning;5;Groblad;Plantago major;;
Mattmar;20170722;Ytskrapning;5;Klofibbla;Crepis tectorum;;
Mattmar;20170722;Ytskrapning;5;Kråkvicker;Vicia cracca;;
Mattmar;20170722;Ytskrapning;5;Rödklöver;Trifolium pratense;;
Mattmar;20170722;Ytskrapning;5;Rödsvingel;Festuca rubra;;
Mattmar;20170722;Ytskrapning;5;Röllika;Achillea millefolium;;
Mattmar;20170722;Ytskrapning;5;Stormåra;Gallium mollugo;;
Mattmar;20170722;Ytskrapning;5;Storven;Agrostis gigantea;;
Mattmar;20170722;Ytskrapning;5;Timotej;Phleum pratense;;
Mattmar;20170722;Ytskrapning;5;Vitklöver;Trifolium repens;;
Mattmar;20170722;Ytskrapning;6;Bockrot;Pimpinella saxifraga;;
Mattmar;20170722;Ytskrapning;6;Foderlosta;Bromopsis inermis;;
Mattmar;20170722;Ytskrapning;6;Gatkamomill;Matricaria discoidea;;
Mattmar;20170722;Ytskrapning;6;Gråbo;Artemisia vulgaris;;
Mattmar;20170722;Ytskrapning;6;Gulvial;Lathyrus pratensis;;
Mattmar;20170722;Ytskrapning;6;Klofibbla;Crepis tectorum;;
Mattmar;20170722;Ytskrapning;6;Krustistel;Carduus crispus;;
Mattmar;20170722;Ytskrapning;6;Kråkvicker;Vicia cracca;;
Mattmar;20170722;Ytskrapning;6;Käringtand;Lotus corniculatus;;
Mattmar;20170722;Ytskrapning;6;Rödklöver;Trifolium pratense;;
Mattmar;20170722;Ytskrapning;6;Rödsvingel;Festuca rubra;;
Mattmar;20170722;Ytskrapning;6;Röllika;Achillea millefolium;;
Mattmar;20170722;Ytskrapning;6;Sandnarv;Arenaria serpyllifolia;;
Mattmar;20170722;Ytskrapning;6;Sandtrav;Arabidopsis arenosa;;
Mattmar;20170722;Ytskrapning;6;Stormåra;Gallium mollugo;;
Mattmar;20170722;Ytskrapning;6;Storven;Agrostis gigantea;;
Mattmar;20170722;Ytskrapning;6;Taraxacum sp.;Taraxacum sp.;;
Mattmar;20170722;Ytskrapning;6;Timotej;Phleum pratense;;
Mattmar;20170722;Ytskrapning;6;Vitklöver;Trifolium repens;;
Mattmar;20170722;Ytskrapning;6;Åkervädd;Knautia arvensis;;
Ope;20170719;Ytskrapning;1;Bockrot;Pimpinella saxifraga;;
Ope;20170719;Ytskrapning;1;Färgkulla;Cota tinctoria;;
Ope;20170719;Ytskrapning;1;Getväppling;Anthyllis vulneraria;;
Ope;20170719;Ytskrapning;1;Grustrav;Arabidopsis suecica;;
Ope;20170719;Ytskrapning;1;Hundäxing;Dactylis glomerata;;
Ope;20170719;Ytskrapning;1;Höstfibbla;Scorzoneroides autumnalis;;
Ope;20170719;Ytskrapning;1;Kummin;Carum carvi;;
Ope;20170719;Ytskrapning;1;Käringtand;Lotus corniculatus;;
Ope;20170719;Ytskrapning;1;Liten blåklocka;Campanula rotundifolia;;
Ope;20170719;Ytskrapning;1;Maskros;Taraxacum;;
Ope;20170719;Ytskrapning;1;Rödklöver;Trifolium pratense;;
Ope;20170719;Ytskrapning;1;Rödsvingel;Festuca rubra;;
Ope;20170719;Ytskrapning;1;Röllika;Achillea millefolium;;
Ope;20170719;Ytskrapning;1;Sandnarv;Arenaria serpyllifolia;;
Ope;20170719;Ytskrapning;1;Stormåra;Gallium mollugo;;
Ope;20170719;Ytskrapning;1;Åkervädd;Knautia arvensis;;
Ope;20170719;Ytskrapning;2;Backskärvfrö;Noccaea caerulescens;;
Ope;20170719;Ytskrapning;2;Bockrot;Pimpinella saxifraga;;
Ope;20170719;Ytskrapning;2;Fjällvedel;Astragalus alpinus;;
Ope;20170719;Ytskrapning;2;Färgkulla;Cota tinctoria;;
Ope;20170719;Ytskrapning;2;Getväppling;Anthyllis vulneraria;;
Ope;20170719;Ytskrapning;2;Grustrav;Arabidopsis suecica;;
Ope;20170719;Ytskrapning;2;Hundäxing;Dactylis glomerata;;
Ope;20170719;Ytskrapning;2;Höstfibbla;Scorzoneroides autumnalis;;
Ope;20170719;Ytskrapning;2;Kummin;Carum carvi;;
Ope;20170719;Ytskrapning;2;Maskros;Taraxacum;;
Ope;20170719;Ytskrapning;2;Rödklöver;Trifolium pratense;;
Ope;20170719;Ytskrapning;2;Rödsvingel;Festuca rubra;;
Ope;20170719;Ytskrapning;2;Röllika;Achillea millefolium;;
Ope;20170719;Ytskrapning;2;Sandnarv;Arenaria serpyllifolia;;
Ope;20170719;Ytskrapning;2;Stormåra;Gallium mollugo;;
Ope;20170719;Ytskrapning;2;Svenskfibbla;Pilosella suecica;;
Ope;20170719;Ytskrapning;3;Backskärvfrö;Noccaea caerulescens;;
Ope;20170719;Ytskrapning;3;Bockrot;Pimpinella saxifraga;;
Ope;20170719;Ytskrapning;3;Fjällvedel;Astragalus alpinus;;
Ope;20170719;Ytskrapning;3;Getväppling;Anthyllis vulneraria;;
Ope;20170719;Ytskrapning;3;Grustrav;Arabidopsis suecica;;
Ope;20170719;Ytskrapning;3;Hundäxing;Dactylis glomerata;;
Ope;20170719;Ytskrapning;3;Höstfibbla;Scorzoneroides autumnalis;;
Ope;20170719;Ytskrapning;3;Kummin;Carum carvi;;
Ope;20170719;Ytskrapning;3;Maskros;Taraxacum;;
Ope;20170719;Ytskrapning;3;Rödklöver;Trifolium pratense;;
Ope;20170719;Ytskrapning;3;Rödsvingel?;#N/A;Små plantor;
Ope;20170719;Ytskrapning;3;Röllika;Achillea millefolium;;
Ope;20170719;Ytskrapning;3;Sandnarv;Arenaria serpyllifolia;;
Ope;20170719;Ytskrapning;3;Stormåra;Gallium mollugo;;
Ope;20170719;Ytskrapning;3;Åkervädd;Knautia arvensis;;
Ope;20170719;Ytskrapning;4;Backskärvfrö;Noccaea caerulescens;;
Ope;20170719;Ytskrapning;4;Bockrot;Pimpinella saxifraga;;
Ope;20170719;Ytskrapning;4;Färgkulla;Cota tinctoria;;
Ope;20170719;Ytskrapning;4;Getväppling;Anthyllis vulneraria;;
Ope;20170719;Ytskrapning;4;Grustrav;Arabidopsis suecica;;
Ope;20170719;Ytskrapning;4;Käringtand;Lotus corniculatus;;
Ope;20170719;Ytskrapning;4;Maskros;Taraxacum;;
Ope;20170719;Ytskrapning;4;Maskros;Taraxacum;;
Ope;20170719;Ytskrapning;4;Rödsvingel;Festuca rubra;;
Ope;20170719;Ytskrapning;4;Röllika;Achillea millefolium;;
Ope;20170719;Ytskrapning;4;Sandnarv;Arenaria serpyllifolia;;
Ope;20170719;Ytskrapning;4;Stormåra;Gallium mollugo;;
Ope;20170719;Ytskrapning;4;Svenskfibbla;Pilosella suecica;;
Ope;20170719;Ytskrapning;4;Trifolium sp.;Trifolium sp.;;
Ope;20170719;Ytskrapning;4;Vitblära;Silene latifolia;;
Ope;20170719;Ytskrapning;5;Backskärvfrö;Noccaea caerulescens;;
Ope;20170719;Ytskrapning;5;Bockrot;Pimpinella saxifraga;;
Ope;20170719;Ytskrapning;5;Färgkulla;Cota tinctoria;;
Ope;20170719;Ytskrapning;5;Grustrav;Arabidopsis suecica;;
Ope;20170719;Ytskrapning;5;Höstfibbla;Scorzoneroides autumnalis;;
Ope;20170719;Ytskrapning;5;Klibbkorsört;Senecio viscosus;;
Ope;20170719;Ytskrapning;5;Käringtand;Lotus corniculatus;;
Ope;20170719;Ytskrapning;5;Maskros;Taraxacum;;
Ope;20170719;Ytskrapning;5;Rödsvingel;Festuca rubra;;
Ope;20170719;Ytskrapning;5;Röllika;Achillea millefolium;;
Ope;20170719;Ytskrapning;5;Sandnarv;Arenaria serpyllifolia;;
Ope;20170719;Ytskrapning;5;Skogsnäva;Geranium sylvaticum;;
Ope;20170719;Ytskrapning;5;Stormåra;Gallium mollugo;;
Ope;20170719;Ytskrapning;5;Åkervädd;Knautia arvensis;;
Ope;20170719;Ytskrapning;6;Backskärvfrö;Noccaea caerulescens;;
Ope;20170719;Ytskrapning;6;Bockrot;Pimpinella saxifraga;;
Ope;20170719;Ytskrapning;6;Färgkulla;Cota tinctoria;;
Ope;20170719;Ytskrapning;6;Grustrav;Arabidopsis suecica;;
Ope;20170719;Ytskrapning;6;Hundäxing;Dactylis glomerata;;
Ope;20170719;Ytskrapning;6;Höstfibbla;Scorzoneroides autumnalis;;
Ope;20170719;Ytskrapning;6;Klibbkorsört;Senecio viscosus;;
Ope;20170719;Ytskrapning;6;Kummin?;#N/A;groddplanta;
Ope;20170719;Ytskrapning;6;Käringtand;Lotus corniculatus;;
Ope;20170719;Ytskrapning;6;Maskros;Taraxacum;;
Ope;20170719;Ytskrapning;6;Maskros;Taraxacum;;
Ope;20170719;Ytskrapning;6;Rödklöver;Trifolium pratense;;
Ope;20170719;Ytskrapning;6;Rödsvingel;Festuca rubra;;
Ope;20170719;Ytskrapning;6;Röllika;Achillea millefolium;;
Ope;20170719;Ytskrapning;6;Sibirisk björnloka;Heracleum sphondylium subsp. sibiricum;;
Ope;20170719;Ytskrapning;6;Smörblomma;Ranunculus acris;;
Ope;20170719;Ytskrapning;6;Stormåra;Gallium mollugo;;
Ope;20170719;Ytskrapning;6;Trifolium sp.;Trifolium sp.;;
Ope;20170719;Ytskrapning;6;Åkervädd;Knautia arvensis;;
Trångsviken;20170720;Ytskrapning;1;Färgkulla;Cota tinctoria;;
Trångsviken;20170720;Ytskrapning;1;Gatkamomill;Matricaria discoidea;;
Trångsviken;20170720;Ytskrapning;1;Getväppling;Anthyllis vulneraria;;
Trångsviken;20170720;Ytskrapning;1;Grustrav;Arabidopsis suecica;;
Trångsviken;20170720;Ytskrapning;1;Gråbo;Artemisia vulgaris;;
Trångsviken;20170720;Ytskrapning;1;Höstfibbla;Scorzoneroides autumnalis;;
Trångsviken;20170720;Ytskrapning;1;Klofibbla;Crepis tectorum;;
Trångsviken;20170720;Ytskrapning;1;Kråkvicker;Vicia cracca;;
Trångsviken;20170720;Ytskrapning;1;Maskros;Taraxacum;;
Trångsviken;20170720;Ytskrapning;1;Renfana;Tanacetum vulgare;;
Trångsviken;20170720;Ytskrapning;1;Rödsvingel;Festuca rubra;;
Trångsviken;20170720;Ytskrapning;1;Småsporre;Chaenorhinum minus;;
Trångsviken;20170720;Ytskrapning;1;Trifolium sp.;Trifolium sp.;;
Trångsviken;20170720;Ytskrapning;2;Agrostis sp.;Agrostis sp.;;
Trångsviken;20170720;Ytskrapning;2;Fjällvedel;Astragalus alpinus;;
Trångsviken;20170720;Ytskrapning;2;Färgkulla;Cota tinctoria;;
Trångsviken;20170720;Ytskrapning;2;Gatkamomill;Matricaria discoidea;;
Trångsviken;20170720;Ytskrapning;2;Getväppling;Anthyllis vulneraria;;
Trångsviken;20170720;Ytskrapning;2;Gråbo;Artemisia vulgaris;;
Trångsviken;20170720;Ytskrapning;2;Maskros;Taraxacum;;
Trångsviken;20170720;Ytskrapning;2;Rödklöver;Trifolium pratense;;
Trångsviken;20170720;Ytskrapning;2;Rödsvingel;Festuca rubra;;
Trångsviken;20170720;Ytskrapning;2;Småsporre;Chaenorhinum minus;;
Trångsviken;20170720;Ytskrapning;3;Fjällgröe;Poa alpina;;
Trångsviken;20170720;Ytskrapning;3;Färgkulla;Cota tinctoria;;
Trångsviken;20170720;Ytskrapning;3;Gatkamomill;Matricaria discoidea;;
Trångsviken;20170720;Ytskrapning;3;Getväppling;Anthyllis vulneraria;;
Trångsviken;20170720;Ytskrapning;3;Groblad;Plantago major;;
Trångsviken;20170720;Ytskrapning;3;Höstfibbla;Scorzoneroides autumnalis;;
Trångsviken;20170720;Ytskrapning;3;Klofibbla;Crepis tectorum;;
Trångsviken;20170720;Ytskrapning;3;Maskros;Taraxacum;;
Trångsviken;20170720;Ytskrapning;3;Pilosella sp.;Pilosella sp.;;
Trångsviken;20170720;Ytskrapning;3;Prästkrage;Leucanthemum vulgare;;
Trångsviken;20170720;Ytskrapning;3;Renfana;Tanacetum vulgare;;
Trångsviken;20170720;Ytskrapning;3;Revsmörblomma;Ranunculus repens;;
Trångsviken;20170720;Ytskrapning;3;Rödklöver;Trifolium pratense;;
Trångsviken;20170720;Ytskrapning;3;Rödsvingel;Festuca rubra;;
Trångsviken;20170720;Ytskrapning;3;Röllika;Achillea millefolium;;
Trångsviken;20170720;Ytskrapning;3;Sandnarv;Arenaria serpyllifolia;;
Trångsviken;20170720;Ytskrapning;3;Sibirisk björnloka;Heracleum sphondylium subsp. sibiricum;;
Trångsviken;20170720;Ytskrapning;3;Småsporre;Chaenorhinum minus;;
Trångsviken;20170720;Ytskrapning;3;Styvmorsviol;Viola tricolor;;
Trångsviken;20170720;Ytskrapning;3;Trifolium sp.;Trifolium sp.;;
Trångsviken;20170720;Ytskrapning;3;Tussilago;Tussilago farfara;;
Trångsviken;20170720;Ytskrapning;4;Fjällgröe;Poa alpina;;
Trångsviken;20170720;Ytskrapning;4;Färgkulla;Cota tinctoria;;
Trångsviken;20170720;Ytskrapning;4;Gatkamomill;Matricaria discoidea;;
Trångsviken;20170720;Ytskrapning;4;Getväppling;Anthyllis vulneraria;;
Trångsviken;20170720;Ytskrapning;4;Gråbo;Artemisia vulgaris;;
Trångsviken;20170720;Ytskrapning;4;Höstfibbla;Scorzoneroides autumnalis;;
Trångsviken;20170720;Ytskrapning;4;Klofibbla;Crepis tectorum;;
Trångsviken;20170720;Ytskrapning;4;Krypven;Agrostis stolonifera;;
Trångsviken;20170720;Ytskrapning;4;Maskros;Taraxacum;;
Trångsviken;20170720;Ytskrapning;4;Poa sp.;Poa sp.;;
Trångsviken;20170720;Ytskrapning;4;Renfana;Tanacetum vulgare;;
Trångsviken;20170720;Ytskrapning;4;Rödsvingel;Festuca rubra;;
Trångsviken;20170720;Ytskrapning;4;Rödven;Agrostis capillaris;;
Trångsviken;20170720;Ytskrapning;4;Röllika;Achillea millefolium;;
Trångsviken;20170720;Ytskrapning;4;Småsporre;Chaenorhinum minus;;
Trångsviken;20170720;Ytskrapning;5;Fjällgröe;Poa alpina;;
Trångsviken;20170720;Ytskrapning;5;Färgkulla;Cota tinctoria;;
Trångsviken;20170720;Ytskrapning;5;Gatkamomill;Matricaria discoidea;;
Trångsviken;20170720;Ytskrapning;5;Getväppling;Anthyllis vulneraria;;
Trångsviken;20170720;Ytskrapning;5;Höstfibbla;Scorzoneroides autumnalis;;
Trångsviken;20170720;Ytskrapning;5;Klofibbla;Crepis tectorum;;
Trångsviken;20170720;Ytskrapning;5;Kummin;Carum carvi;;
Trångsviken;20170720;Ytskrapning;5;Poa sp.;Poa sp.;;
Trångsviken;20170720;Ytskrapning;5;Prästkrage;Leucanthemum vulgare;;
Trångsviken;20170720;Ytskrapning;5;Renfana;Tanacetum vulgare;;
Trångsviken;20170720;Ytskrapning;5;Rödklöver;Trifolium pratense;;
Trångsviken;20170720;Ytskrapning;5;Rödsvingel;Festuca rubra;;
Trångsviken;20170720;Ytskrapning;5;Röllika;Achillea millefolium;;
Trångsviken;20170720;Ytskrapning;5;Sandnarv;Arenaria serpyllifolia;;
Trångsviken;20170720;Ytskrapning;5;Småsporre;Chaenorhinum minus;;
Trångsviken;20170720;Ytskrapning;5;Trifolium sp.;Trifolium sp.;;
Trångsviken;20170720;Ytskrapning;5;Tussilago;Tussilago farfara;;
Trångsviken;20170720;Ytskrapning;6;Fjällgröe;Poa alpina;;
Trångsviken;20170720;Ytskrapning;6;Fjällvedel;Astragalus alpinus;;
Trångsviken;20170720;Ytskrapning;6;Färgkulla;Cota tinctoria;;
Trångsviken;20170720;Ytskrapning;6;Gatkamomill;Matricaria discoidea;;
Trångsviken;20170720;Ytskrapning;6;Getväppling;Anthyllis vulneraria;;
Trångsviken;20170720;Ytskrapning;6;Hundäxing;Dactylis glomerata;;
Trångsviken;20170720;Ytskrapning;6;Höstfibbla;Scorzoneroides autumnalis;;
Trångsviken;20170720;Ytskrapning;6;Höstfibbla;Scorzoneroides autumnalis;;
Trångsviken;20170720;Ytskrapning;6;Klofibbla;Crepis tectorum;;
Trångsviken;20170720;Ytskrapning;6;Klofibbla;Crepis tectorum;;
Trångsviken;20170720;Ytskrapning;6;Prästkrage;Leucanthemum vulgare;;
Trångsviken;20170720;Ytskrapning;6;Rödklöver;Trifolium pratense;;
Trångsviken;20170720;Ytskrapning;6;Rödsvingel;Festuca rubra;;
Trångsviken;20170720;Ytskrapning;6;Röllika;Achillea millefolium;;
Trångsviken;20170720;Ytskrapning;6;Sandnarv;Arenaria serpyllifolia;;
Trångsviken;20170720;Ytskrapning;6;Småsporre;Chaenorhinum minus;;
Trångsviken;20170720;Ytskrapning;6;Trampgröe;Poa supina;;
Trångsviken;20170720;Ytskrapning;6;Tussilago;Tussilago farfara;;
Avesta;20170704;Ytskrapning;1;Knytling;Herniaria glabra;;Ingen
Avesta;20170704;Ytskrapning;1;Rödsvingel;Festuca rubra;;Ingen
Avesta;20170704;Ytskrapning;1;Höstfibbla;Scorzoneroides autumnalis;;Ingen
Avesta;20170704;Ytskrapning;1;Kråkvicker;Vicia cracca;;Ingen
Avesta;20170704;Ytskrapning;1;Stormåra;Gallium mollugo;;Ingen
Avesta;20170704;Ytskrapning;1;Renfana;Tanacetum vulgare;;Ingen
Avesta;20170704;Ytskrapning;1;Smultron;Fragaria vesca;;Ingen
Avesta;20170704;Ytskrapning;1;Strimsporre;Linaria repens;;Ingen
Avesta;20170704;Ytskrapning;1;Äkta johannesört;Hypericum perforatum;;Ingen
Avesta;20170704;Ytskrapning;1;Fårsvingelgråbo;#N/A;;Ingen
Avesta;20170704;Ytskrapning;1;Vårtbjörk;Betula pendula;;Ingen
Avesta;20170704;Ytskrapning;1;Sälg;Salix caprea;;Ingen
Avesta;20170704;Ytskrapning;1;Backskärvfrö;Noccaea caerulescens;;Ingen
Avesta;20170704;Ytskrapning;1;Gråbinka;Erigeron acris;;Ingen
Avesta;20170704;Ytskrapning;1;Getväppling;Anthyllis vulneraria;;Ingen
Avesta;20170704;Ytskrapning;2;Vårtbjörk;Betula pendula;;Ingen
Avesta;20170704;Ytskrapning;2;Asp;Populus tremula;;Ingen
Avesta;20170704;Ytskrapning;2;Åkervädd;Knautia arvensis;;Ingen
Avesta;20170704;Ytskrapning;2;Stormåra;Gallium mollugo;;Ingen
Avesta;20170704;Ytskrapning;2;Berggröe;Poa compressa;;Ingen
Avesta;20170704;Ytskrapning;2;Strimsporre;Linaria repens;;Ingen
Avesta;20170704;Ytskrapning;3;Vårtbjörk;Betula pendula;;Ingen
Avesta;20170704;Ytskrapning;3;Strimsporre;Linaria repens;;Ingen
Avesta;20170704;Ytskrapning;3;Fårsvingel;Festuca ovina;;Ingen
Avesta;20170704;Ytskrapning;3;Sandtrav;Arabidopsis arenosa;;Ingen
Avesta;20170704;Ytskrapning;3;Stormåra;Gallium mollugo;;Ingen
Avesta;20170704;Ytskrapning;3;Lupin;Lupinus polyphyllus;;Ingen
Avesta;20170704;Ytskrapning;4;Rödven;Agrostis capillaris;;Ingen
Avesta;20170704;Ytskrapning;4;Vårtbjörk;Betula pendula;;Ingen
Avesta;20170704;Ytskrapning;4;Jolster;Salix pentandra;;Ingen
Avesta;20170704;Ytskrapning;5;Rödven;Agrostis capillaris;;Ingen
Avesta;20170704;Ytskrapning;5;Tall;Pinus sylvestris;;Ingen
Avesta;20170704;Ytskrapning;5;Stormåra;Gallium mollugo;;Ingen
Avesta;20170704;Ytskrapning;5;Asp;Populus tremula;;Ingen
Avesta;20170704;Ytskrapning;6;Äkta johannesört;Hypericum perforatum;;Ingen
Avesta;20170704;Ytskrapning;6;Mjölkört;Chamaenerion angustifolium;;Ingen
Avesta;20170704;Ytskrapning;6;Renfana;Tanacetum vulgare;;Ingen
Avesta;20170704;Ytskrapning;6;Stormåra;Gallium mollugo;;Ingen
Avesta;20170704;Ytskrapning;6;Vårtbjörk;Betula pendula;;Ingen
Avesta;20170704;Ytskrapning;6;Sälg;Salix caprea;;Ingen
Avesta;20170704;Ytskrapning;6;Smultron;Fragaria vesca;;Ingen
Avesta;20170704;Ytskrapning;6;Getväppling;Anthyllis vulneraria;;Ingen
Avesta;20170704;Ytskrapning;6;Strimsporre;Linaria repens;;Ingen
Jularbo;20170705;Ytskrapning;1;Gråvide;Salix cinerea;;Ingen än
Jularbo;20170705;Ytskrapning;1;Vårtbjörk;Betula pendula;;Ingen än
Jularbo;20170705;Ytskrapning;1;Gråal;Alnus incana;;Ingen än
Jularbo;20170705;Ytskrapning;1;Bergsyra;Rumex acetosella;;Ingen än
Jularbo;20170705;Ytskrapning;2;Asp;Populus tremula;;Ingen än
Jularbo;20170705;Ytskrapning;2;Vårtbjörk;Betula pendula;;Ingen än
Jularbo;20170705;Ytskrapning;2;Gråfibbla;Pilosella officinarum;;Ingen än
Jularbo;20170705;Ytskrapning;2;Bergsyra;Rumex acetosella;;Ingen än
Jularbo;20170705;Ytskrapning;2;Kvastfibbla;Pilosella cymosa;;Ingen än
Jularbo;20170705;Ytskrapning;3;Vårtbjörk;Betula pendula;;Ingen än
Jularbo;20170705;Ytskrapning;3;Renfana;Tanacetum vulgare;;Ingen än
Jularbo;20170705;Ytskrapning;3;Ängsklocka;Campanula patula;;Ingen än
Jularbo;20170705;Ytskrapning;3;Gråfibbla;Pilosella officinarum;;Ingen än
Jularbo;20170705;Ytskrapning;3;Bergsyra;Rumex acetosella;;Ingen än
Jularbo;20170705;Ytskrapning;3;Gråal;Alnus incana;;Ingen än
Jularbo;20170705;Ytskrapning;3;Åkervädd;Knautia arvensis;;Ingen än
Jularbo;20170705;Ytskrapning;4;Åkerfräken;Equisetum arvense;;Ingen än
Jularbo;20170705;Ytskrapning;4;Tall;Pinus sylvestris;;Ingen än
Jularbo;20170705;Ytskrapning;4;Gråal;Alnus incana;;Ingen än
Jularbo;20170705;Ytskrapning;4;Vårtbjörk;Betula pendula;;Ingen än
Jularbo;20170705;Ytskrapning;5;Gråal;Alnus incana;;Ingen än
Jularbo;20170705;Ytskrapning;5;Vårtbjörk;Betula pendula;;Ingen än
Jularbo;20170705;Ytskrapning;5;Asp;Populus tremula;;Ingen än
Jularbo;20170705;Ytskrapning;5;Strimsporre;Linaria repens;;Ingen än
Jularbo;20170705;Ytskrapning;5;Tall;Pinus sylvestris;;Ingen än
Jularbo;20170705;Ytskrapning;5;Åkerfräken;Equisetum arvense;;Ingen än
Jularbo;20170705;Ytskrapning;5;Bergsyra;Rumex acetosella;;Ingen än
Jularbo;20170705;Ytskrapning;5;Renfana;Tanacetum vulgare;;Ingen än
Jularbo;20170705;Ytskrapning;5;Kvastfibbla;Pilosella cymosa;;Ingen än
Jularbo;20170705;Ytskrapning;5;Röllika;Achillea millefolium;;Ingen än
Jularbo;20170705;Ytskrapning;6;Vårtbjörk;Betula pendula;;Ingen än
Jularbo;20170705;Ytskrapning;6;Bergsyra;Rumex acetosella;;Ingen än
Jularbo;20170705;Ytskrapning;6;Renfana;Tanacetum vulgare;;Ingen än
Jularbo;20170705;Ytskrapning;6;Sandtrav;Arabidopsis arenosa;;Ingen än
Jularbo;20170705;Ytskrapning;6;Åkervädd;Knautia arvensis;;Ingen än
Jularbo;20170705;Ytskrapning;6;Prästkrage;Leucanthemum vulgare;;Ingen än
Jularbo;20170705;Ytskrapning;6;Stormåra;Gallium mollugo;;Ingen än
Jularbo;20170705;Ytskrapning;6;Gråbo;Artemisia vulgaris;;Ingen än
Byvalla;20170607;Ytskrapning;1;Mjölkört;Chamaenerion angustifolium;;Slåtter
Byvalla;20170607;Ytskrapning;1;Renfana;Tanacetum vulgare;;Slåtter
Byvalla;20170607;Ytskrapning;1;Rödklöver;Trifolium pratense;;Slåtter
Byvalla;20170607;Ytskrapning;1;Åkervädd;Knautia arvensis;;Slåtter
Byvalla;20170607;Ytskrapning;1;Kvastfibbla;Pilosella cymosa;;Slåtter
Byvalla;20170607;Ytskrapning;1;Femfingerört;Potentilla argentea;;Slåtter
Byvalla;20170607;Ytskrapning;2;Femfingerört;Potentilla argentea;;Slåtter
Byvalla;20170607;Ytskrapning;2;Röllika;Achillea millefolium;;Slåtter
Byvalla;20170607;Ytskrapning;2;Sandtrav;Arabidopsis arenosa;;Slåtter
Byvalla;20170607;Ytskrapning;2;Strimsporre;Linaria repens;;Slåtter
Byvalla;20170607;Ytskrapning;2;Tall;Pinus sylvestris;;Slåtter
Byvalla;20170607;Ytskrapning;2;Åkervädd;Knautia arvensis;;Slåtter
Byvalla;20170607;Ytskrapning;2;Renfana;Tanacetum vulgare;;Slåtter
Byvalla;20170607;Ytskrapning;3;Gulsporre;Linaria vulgaris;;Slåtter
Byvalla;20170607;Ytskrapning;3;Asp;Populus tremula;;Slåtter
Byvalla;20170607;Ytskrapning;3;Tall;Pinus sylvestris;;Slåtter
Byvalla;20170607;Ytskrapning;3;Renfana;Tanacetum vulgare;;Slåtter
Byvalla;20170607;Ytskrapning;3;Rödklöver;Trifolium pratense;;Slåtter
Byvalla;20170607;Ytskrapning;3;Hagfibbla;Hieracium triviale;;Slåtter
Byvalla;20170607;Ytskrapning;3;Mjölkört;Chamaenerion angustifolium;;Slåtter
Byvalla;20170607;Ytskrapning;3;Femfingerört;Potentilla argentea;;Slåtter
Byvalla;20170607;Ytskrapning;4;Rödklöver;Trifolium pratense;;Slåtter
Byvalla;20170607;Ytskrapning;4;Tall;Pinus sylvestris;;Slåtter
Byvalla;20170607;Ytskrapning;4;Gran;Picea abies;;Slåtter
Byvalla;20170607;Ytskrapning;4;Glasbjörk;Betula pubescens;;Slåtter
Byvalla;20170607;Ytskrapning;4;Renfana;Tanacetum vulgare;;Slåtter
Byvalla;20170607;Ytskrapning;4;Flockfibbla;Hieracium umbellatum;;Slåtter
Byvalla;20170607;Ytskrapning;4;Sandtrav;Arabidopsis arenosa;;Slåtter
Byvalla;20170607;Ytskrapning;4;Ängssyra;Rumex acetosa;;Slåtter
Byvalla;20170607;Ytskrapning;4;Ängsklocka;Campanula patula;;Slåtter
Byvalla;20170607;Ytskrapning;5;Lupin;Lupinus polyphyllus;;Slåtter
Byvalla;20170607;Ytskrapning;5;Gulsporre;Linaria vulgaris;;Slåtter
Byvalla;20170607;Ytskrapning;5;Rödklöver;Trifolium pratense;;Slåtter
Byvalla;20170607;Ytskrapning;5;Tall;Pinus sylvestris;;Slåtter
Byvalla;20170607;Ytskrapning;5;Gråal;Alnus incana;;Slåtter
Byvalla;20170607;Ytskrapning;5;Glasbjörk;Betula pubescens;;Slåtter
Byvalla;20170607;Ytskrapning;5;Vårtbjörk;Betula pendula;;Slåtter
Byvalla;20170607;Ytskrapning;5;Ängssyra;Rumex acetosa;;Slåtter
Byvalla;20170607;Ytskrapning;5;Stormåra;Gallium mollugo;;Slåtter
Byvalla;20170607;Ytskrapning;5;Hagfibbla;Hieracium triviale;;Slåtter
Byvalla;20170607;Ytskrapning;5;Bergsyra;Rumex acetosella;;Slåtter
Byvalla;20170607;Ytskrapning;6;Tall;Pinus sylvestris;;Slåtter
Byvalla;20170607;Ytskrapning;6;Asp;Populus tremula;;Slåtter
Byvalla;20170607;Ytskrapning;6;Rödklöver;Trifolium pratense;;Slåtter
Byvalla;20170607;Ytskrapning;6;Bergsyra;Rumex acetosella;;Slåtter
Byvalla;20170607;Ytskrapning;1;Rödklöver;Trifolium pratense;;Ej slåtter
Byvalla;20170607;Ytskrapning;1;Kråkvicker;Vicia cracca;;Ej slåtter
Byvalla;20170607;Ytskrapning;1;Sandtrav;Arabidopsis arenosa;;Ej slåtter
Byvalla;20170607;Ytskrapning;1;Knippfryle;Luzula campestris;;Ej slåtter
Byvalla;20170607;Ytskrapning;1;Tall;Pinus sylvestris;;Ej slåtter
Byvalla;20170607;Ytskrapning;1;Röllika;Achillea millefolium;;Ej slåtter
Byvalla;20170607;Ytskrapning;1;Stormåra;Gallium mollugo;;Ej slåtter
Byvalla;20170607;Ytskrapning;2;Asp;Populus tremula;;Ej slåtter
Byvalla;20170607;Ytskrapning;2;Glasbjörk;Betula pubescens;;Ej slåtter
Byvalla;20170607;Ytskrapning;2;Renfana;Tanacetum vulgare;;Ej slåtter
Byvalla;20170607;Ytskrapning;2;Rödklöver;Trifolium pratense;;Ej slåtter
Byvalla;20170607;Ytskrapning;2;Sandtrav;Arabidopsis arenosa;;Ej slåtter
Byvalla;20170607;Ytskrapning;2;Flockfibbla;Hieracium umbellatum;;Ej slåtter
Byvalla;20170607;Ytskrapning;2;Stormåra;Gallium mollugo;;Ej slåtter
Byvalla;20170607;Ytskrapning;2;Bergsyra;Rumex acetosella;;Ej slåtter
Byvalla;20170607;Ytskrapning;2;Kråkvicker;Vicia cracca;;Ej slåtter
Byvalla;20170607;Ytskrapning;2;Femfingerört;Potentilla argentea;;Ej slåtter
Byvalla;20170607;Ytskrapning;3;Stormåra;Gallium mollugo;;Ej slåtter
Byvalla;20170607;Ytskrapning;3;Rödklöver;Trifolium pratense;;Ej slåtter
Byvalla;20170607;Ytskrapning;3;Sandtrav;Arabidopsis arenosa;;Ej slåtter
Byvalla;20170607;Ytskrapning;3;Smultron;Fragaria vesca;;Ej slåtter
Byvalla;20170607;Ytskrapning;3;Gulsporre;Linaria vulgaris;;Ej slåtter
Byvalla;20170607;Ytskrapning;3;Vitklöver;Trifolium repens;;Ej slåtter
Byvalla;20170607;Ytskrapning;3;Daggkåpa;Alchemilla vulgaris;;Ej slåtter
Byvalla;20170607;Ytskrapning;3;Bergsyra;Rumex acetosella;;Ej slåtter
Byvalla;20170607;Ytskrapning;3;Glasbjörk;Betula pubescens;;Ej slåtter
Byvalla;20170607;Ytskrapning;4;Femfingerört;Potentilla argentea;;Ej slåtter
Byvalla;20170607;Ytskrapning;4;Hallon;Rubus idaeus;;Ej slåtter
Byvalla;20170607;Ytskrapning;4;Sälg;Salix caprea;;Ej slåtter
Byvalla;20170607;Ytskrapning;4;Stormåra;Gallium mollugo;;Ej slåtter
Byvalla;20170607;Ytskrapning;4;Ängsklocka;Campanula patula;;Ej slåtter
Byvalla;20170607;Ytskrapning;4;Smultron;Fragaria vesca;;Ej slåtter
Byvalla;20170607;Ytskrapning;4;Rödklöver;Trifolium pratense;;Ej slåtter
Byvalla;20170607;Ytskrapning;4;Prästkrage;Leucanthemum vulgare;;Ej slåtter
Byvalla;20170607;Ytskrapning;4;Krypnarv;Sagina procumbens;;Ej slåtter
Byvalla;20170607;Ytskrapning;5;Tall;Pinus sylvestris;;Ej slåtter
Byvalla;20170607;Ytskrapning;5;Glasbjörk;Betula pubescens;;Ej slåtter
Byvalla;20170607;Ytskrapning;5;Rödklöver;Trifolium pratense;;Ej slåtter
Byvalla;20170607;Ytskrapning;5;Bergsyra;Rumex acetosella;;Ej slåtter
Byvalla;20170607;Ytskrapning;5;Femfingerört;Potentilla argentea;;Ej slåtter
Byvalla;20170607;Ytskrapning;5;Renfana;Tanacetum vulgare;;Ej slåtter
Byvalla;20170607;Ytskrapning;5;Vitklöver;Trifolium repens;;Ej slåtter
Byvalla;20170607;Ytskrapning;5;Stormåra;Gallium mollugo;;Ej slåtter
Byvalla;20170607;Ytskrapning;5;Knippfryle;Luzula campestris;;Ej slåtter
Byvalla;20170607;Ytskrapning;5;Flockfibbla;Hieracium umbellatum;;Ej slåtter
Byvalla;20170607;Ytskrapning;5;Kråkvicker;Vicia cracca;;Ej slåtter
Byvalla;20170607;Ytskrapning;6;Tall;Pinus sylvestris;;Ej slåtter
Byvalla;20170607;Ytskrapning;6;Smultron;Fragaria vesca;;Ej slåtter
Byvalla;20170607;Ytskrapning;6;Åkervädd;Knautia arvensis;;Ej slåtter
Byvalla;20170607;Ytskrapning;6;Renfana;Tanacetum vulgare;;Ej slåtter
Byvalla;20170607;Ytskrapning;6;Femfingerört;Potentilla argentea;;Ej slåtter
Byvalla;20170607;Ytskrapning;6;Kråkvicker;Vicia cracca;;Ej slåtter
Byvalla;20170607;Ytskrapning;6;Hagfibbla;Hieracium triviale;;Ej slåtter
Byvalla;20170607;Ytskrapning;6;Bergsyra;Rumex acetosella;;Ej slåtter
Byvalla;20170607;Ytskrapning;6;Knippfryle;Luzula campestris;;Ej slåtter
Byvalla;20170607;Ytskrapning;6;Stormåra;Gallium mollugo;;Ej slåtter
Gustafs;20170710;Ytskrapning;1;Tall;Pinus sylvestris;;Slåtter
Gustafs;20170710;Ytskrapning;1;Vårtbjörk;Betula pendula;;Slåtter
Gustafs;20170710;Ytskrapning;1;Rödklöver;Trifolium pratense;;Slåtter
Gustafs;20170710;Ytskrapning;1;Getväppling;Anthyllis vulneraria;;Slåtter
Gustafs;20170710;Ytskrapning;1;Flockfibbla;Hieracium umbellatum;;Slåtter
Gustafs;20170710;Ytskrapning;1;Åkervädd;Knautia arvensis;;Slåtter
Gustafs;20170710;Ytskrapning;1;Harklöver;Trifolium arvense;;Slåtter
Gustafs;20170710;Ytskrapning;1;Sandtrav;Arabidopsis arenosa;;Slåtter
Gustafs;20170710;Ytskrapning;1;Åkerfräken;Equisetum arvense;;Slåtter
Gustafs;20170710;Ytskrapning;1;Röllika;Achillea millefolium;;Slåtter
Gustafs;20170710;Ytskrapning;1;Renfana;Tanacetum vulgare;;Slåtter
Gustafs;20170710;Ytskrapning;2;Tall;Pinus sylvestris;;Slåtter
Gustafs;20170710;Ytskrapning;2;Vårtbjörk;Betula pendula;;Slåtter
Gustafs;20170710;Ytskrapning;3;Tall;Pinus sylvestris;;Slåtter
Gustafs;20170710;Ytskrapning;3;Vårtbjörk;Betula pendula;;Slåtter
Gustafs;20170710;Ytskrapning;4;Renfana;Tanacetum vulgare;;Slåtter
Gustafs;20170710;Ytskrapning;4;Stormåra;Gallium mollugo;;Slåtter
Gustafs;20170710;Ytskrapning;4;Getväppling;Anthyllis vulneraria;;Slåtter
Gustafs;20170710;Ytskrapning;4;Harklöver;Trifolium arvense;;Slåtter
Gustafs;20170710;Ytskrapning;4;Flockfibbla;Hieracium umbellatum;;Slåtter
Gustafs;20170710;Ytskrapning;4;Vårtbjörk;Betula pendula;;Slåtter
Gustafs;20170710;Ytskrapning;5;Femfingerört;Potentilla argentea;;Slåtter
Gustafs;20170710;Ytskrapning;5;Åkervädd;Knautia arvensis;;Slåtter
Gustafs;20170710;Ytskrapning;5;Lupin;Lupinus polyphyllus;;Slåtter
Gustafs;20170710;Ytskrapning;5;Vårtbjörk;Betula pendula;;Slåtter
Gustafs;20170710;Ytskrapning;5;Kråkvicker;Vicia cracca;;Slåtter
Gustafs;20170710;Ytskrapning;5;Renfana;Tanacetum vulgare;;Slåtter
Gustafs;20170710;Ytskrapning;5;Harklöver;Trifolium arvense;;Slåtter
Gustafs;20170710;Ytskrapning;5;Getväppling;Anthyllis vulneraria;;Slåtter
Gustafs;20170710;Ytskrapning;5;Åkerfräken;Equisetum arvense;;Slåtter
Gustafs;20170710;Ytskrapning;5;Röllika;Achillea millefolium;;Slåtter
Gustafs;20170710;Ytskrapning;5;Vitklöver;Trifolium repens;;Slåtter
Gustafs;20170710;Ytskrapning;5;Flockfibbla;Hieracium umbellatum;;Slåtter
Gustafs;20170710;Ytskrapning;6;Tall;Pinus sylvestris;;Slåtter
Gustafs;20170710;Ytskrapning;6;Lupin;Lupinus polyphyllus;;Slåtter
Gustafs;20170710;Ytskrapning;6;Vårtbjörk;Betula pendula;;Slåtter
Gustafs;20170710;Ytskrapning;6;Rödklöver;Trifolium pratense;;Slåtter
Gustafs;20170710;Ytskrapning;6;Åkervädd;Knautia arvensis;;Slåtter
Gustafs;20170710;Ytskrapning;6;Stormåra;Gallium mollugo;;Slåtter
Gustafs;20170710;Ytskrapning;6;Häckvicker;Vicia sepium;;Slåtter
Gustafs;20170710;Ytskrapning;6;Harklöver;Trifolium arvense;;Slåtter
Gustafs;20170710;Ytskrapning;6;Grässtjärnblomma;Stellaria graminea;;Slåtter
Gustafs;20170710;Ytskrapning;6;Flockfibbla;Hieracium umbellatum;;Slåtter
Gustafs;20170710;Ytskrapning;6;Fältarv;Cerastium arvense;;Slåtter
Gustafs;20170710;Ytskrapning;6;Röllika;Achillea millefolium;;Slåtter
Gustafs;20170710;Ytskrapning;1;Tall vårtbjörk;#N/A;;Ej slåtter
Gustafs;20170710;Ytskrapning;1;Åkervädd;Knautia arvensis;;Ej slåtter
Gustafs;20170710;Ytskrapning;1;Renfana;Tanacetum vulgare;;Ej slåtter
Gustafs;20170710;Ytskrapning;1;Gulmåra;Galium verum;;Ej slåtter
Gustafs;20170710;Ytskrapning;1;Röllika;Achillea millefolium;;Ej slåtter
Gustafs;20170710;Ytskrapning;1;Stormåra;Gallium mollugo;;Ej slåtter
Gustafs;20170710;Ytskrapning;1;Harklöver;Trifolium arvense;;Ej slåtter
Gustafs;20170710;Ytskrapning;2;Vårtbjörk;Betula pendula;;Ej slåtter
Gustafs;20170710;Ytskrapning;2;Renfana;Tanacetum vulgare;;Ej slåtter
Gustafs;20170710;Ytskrapning;2;Rödklöver;Trifolium pratense;;Ej slåtter
Gustafs;20170710;Ytskrapning;2;Kråkvicker;Vicia cracca;;Ej slåtter
Gustafs;20170710;Ytskrapning;2;Tall;Pinus sylvestris;;Ej slåtter
Gustafs;20170710;Ytskrapning;2;Åkervädd;Knautia arvensis;;Ej slåtter
Gustafs;20170710;Ytskrapning;3;Tall;Pinus sylvestris;;Ej slåtter
Gustafs;20170710;Ytskrapning;3;Vårtbjörk;Betula pendula;;Ej slåtter
Gustafs;20170710;Ytskrapning;4;Vårtbjörk;Betula pendula;;Ej slåtter
Gustafs;20170710;Ytskrapning;4;Tall;Pinus sylvestris;;Ej slåtter
Gustafs;20170710;Ytskrapning;4;Stormåra;Gallium mollugo;;Ej slåtter
Gustafs;20170710;Ytskrapning;4;Flockfibbla;Hieracium umbellatum;;Ej slåtter
Gustafs;20170710;Ytskrapning;4;Sandtrav;Arabidopsis arenosa;;Ej slåtter
Gustafs;20170710;Ytskrapning;4;Bergsyra;Rumex acetosella;;Ej slåtter
Gustafs;20170710;Ytskrapning;5;Vårtbjörk;Betula pendula;;Ej slåtter
Gustafs;20170710;Ytskrapning;5;Renfana;Tanacetum vulgare;;Ej slåtter
Gustafs;20170710;Ytskrapning;5;Ängsklocka;Campanula patula;;Ej slåtter
Gustafs;20170710;Ytskrapning;5;Smällglim;Silene vulgaris;;Ej slåtter
Gustafs;20170710;Ytskrapning;5;Rödklöver;Trifolium pratense;;Ej slåtter
Gustafs;20170710;Ytskrapning;5;Gråbo;Artemisia vulgaris;;Ej slåtter
Gustafs;20170710;Ytskrapning;5;Stormåra;Gallium mollugo;;Ej slåtter
Gustafs;20170710;Ytskrapning;5;Tall;Pinus sylvestris;;Ej slåtter
Gustafs;20170710;Ytskrapning;5;Kråkvicker;Vicia cracca;;Ej slåtter
Gustafs;20170710;Ytskrapning;5;Åkervädd;Knautia arvensis;;Ej slåtter
Gustafs;20170710;Ytskrapning;5;Flockfibbla;Hieracium umbellatum;;Ej slåtter
Gustafs;20170710;Ytskrapning;6;Vårtbjörk;Betula pendula;;Ej slåtter
Gustafs;20170710;Ytskrapning;6;Smällglim;Silene vulgaris;;Ej slåtter
Gustafs;20170710;Ytskrapning;6;Åkertistel;Cirsium arvense;;Ej slåtter
Gustafs;20170710;Ytskrapning;6;Liten blåklocka;Campanula rotundifolia;;Ej slåtter
Gustafs;20170710;Ytskrapning;6;Sandtravärenfana;#N/A;;Ej slåtter
Gustafs;20170710;Ytskrapning;6;Stormåra;Gallium mollugo;;Ej slåtter
Gustafs;20170710;Ytskrapning;6;Rödklöver;Trifolium pratense;;Ej slåtter
Gustafs;20170710;Ytskrapning;6;Åkerfräken;Equisetum arvense;;Ej slåtter
Gustafs;20170710;Ytskrapning;6;Kråkvicker;Vicia cracca;;Ej slåtter
Gustafs;20170710;Ytskrapning;6;Grässtjärnblomma;Stellaria graminea;;Ej slåtter
Gustafs;20170710;Ytskrapning;6;Maskros;Taraxacum;;Ej slåtter
Gustafs;20170710;Ytskrapning;6;Röllika;Achillea millefolium;;Ej slåtter
Gustafs;20170710;Ytskrapning;6;Ängsklocka;Campanula patula;;Ej slåtter
Gustafs;20170710;Ytskrapning;6;Åkervädd;Knautia arvensis;;Ej slåtter
Kopparberg;20160817;Ytskrapning;1;Backskärvfrö;Noccaea caerulescens;;
Kopparberg;20160817;Ytskrapning;1;Bergsyra;Rumex acetosella;;
Kopparberg;20160817;Ytskrapning;1;Blåeld;Echium vulgare;;
Kopparberg;20160817;Ytskrapning;1;Kanadensiskt gullris;Solidago canadensis;;
Kopparberg;20160817;Ytskrapning;1;Kråkvicker;Vicia cracca;;
Kopparberg;20160817;Ytskrapning;1;Kvickrot;Elytrigia repens;;
Kopparberg;20160817;Ytskrapning;1;Maskros;Taraxacum;;
Kopparberg;20160817;Ytskrapning;1;Röllika;Achillea millefolium;;
Kopparberg;20160817;Ytskrapning;1;Smällglim;Silene vulgaris;;
Kopparberg;20160817;Ytskrapning;1;Stormåra;Gallium mollugo;;
Kopparberg;20160817;Ytskrapning;1;Storven;Agrostis gigantea;;
Kopparberg;20160817;Ytskrapning;1;Åkerfräken;Equisetum arvense;;
Kopparberg;20160817;Ytskrapning;1;Åkervädd;Knautia arvensis;;
Kopparberg;20160817;Ytskrapning;1;Ängsklocka;Campanula patula;;
Kopparberg;20160817;Ytskrapning;2;Agrostis sp.;Agrostis sp.;;
Kopparberg;20160817;Ytskrapning;2;Backskärvfrö;Noccaea caerulescens;;
Kopparberg;20160817;Ytskrapning;2;Bergsyra;Rumex acetosella;;
Kopparberg;20160817;Ytskrapning;2;Hundäxing;Dactylis glomerata;;
Kopparberg;20160817;Ytskrapning;2;Kanadensiskt gullris;Solidago canadensis;;
Kopparberg;20160817;Ytskrapning;2;Kråkvicker;Vicia cracca;;
Kopparberg;20160817;Ytskrapning;2;Kvickrot;Elytrigia repens;;
Kopparberg;20160817;Ytskrapning;2;Röllika;Achillea millefolium;;
Kopparberg;20160817;Ytskrapning;2;Stormåra;Gallium mollugo;;
Kopparberg;20160817;Ytskrapning;2;Storven;Agrostis gigantea;;
Kopparberg;20160817;Ytskrapning;2;Åkerfräken;Equisetum arvense;;
Kopparberg;20160817;Ytskrapning;2;Åkervädd;Knautia arvensis;;
Kopparberg;20160817;Ytskrapning;2;Ängsklocka;Campanula patula;;
Kopparberg;20160817;Ytskrapning;3;Backskärvfrö;Noccaea caerulescens;;
Kopparberg;20160817;Ytskrapning;3;Bergsyra;Rumex acetosella;;
Kopparberg;20160817;Ytskrapning;3;Björk sp.;Björk sp.;liten groddplanta;
Kopparberg;20160817;Ytskrapning;3;Grässtjärnblomma;Stellaria graminea;;
Kopparberg;20160817;Ytskrapning;3;Kråkvicker;Vicia cracca;;
Kopparberg;20160817;Ytskrapning;3;Kvickrot;Elytrigia repens;;
Kopparberg;20160817;Ytskrapning;3;Röllika;Achillea millefolium;;
Kopparberg;20160817;Ytskrapning;3;Stormåra;Gallium mollugo;;
Kopparberg;20160817;Ytskrapning;3;Storven;Agrostis gigantea;;
Kopparberg;20160817;Ytskrapning;3;Trifolium sp.;Trifolium sp.;alsikeklöver hittad i området;
Kopparberg;20160817;Ytskrapning;3;Åkerfräken;Equisetum arvense;;
Kopparberg;20160817;Ytskrapning;3;Åkervädd;Knautia arvensis;;
Kopparberg;20160817;Ytskrapning;3;Ängsfryle;Luzula multiflora;;
Kopparberg;20160817;Ytskrapning;3;Ängsklocka;Campanula patula;;
Kopparberg;20160817;Ytskrapning;4;Agrostis sp.;Agrostis sp.;;
Kopparberg;20160817;Ytskrapning;4;Backskärvfrö;Noccaea caerulescens;;
Kopparberg;20160817;Ytskrapning;4;Bergsyra;Rumex acetosella;;
Kopparberg;20160817;Ytskrapning;4;Björk sp.;Björk sp.;liten groddplanta;
Kopparberg;20160817;Ytskrapning;4;Hieracium sp.;Hieracium sp.;;
Kopparberg;20160817;Ytskrapning;4;Kanadensiskt gullris;Solidago canadensis;;
Kopparberg;20160817;Ytskrapning;4;Kråkvicker;Vicia cracca;;
Kopparberg;20160817;Ytskrapning;4;Kvickrot;Elytrigia repens;;
Kopparberg;20160817;Ytskrapning;4;Maskros;Taraxacum;;
Kopparberg;20160817;Ytskrapning;4;Oenothera sp.;Oenothera sp.;bladrosett;
Kopparberg;20160817;Ytskrapning;4;Röllika;Achillea millefolium;;
Kopparberg;20160817;Ytskrapning;4;Salix sp.;Salix sp.;;
Kopparberg;20160817;Ytskrapning;4;Stormåra;Gallium mollugo;;
Kopparberg;20160817;Ytskrapning;4;Storven;Agrostis gigantea;;
Kopparberg;20160817;Ytskrapning;4;Åkerfräken;Equisetum arvense;;
Kopparberg;20160817;Ytskrapning;4;Ängsfryle;Luzula multiflora;;
Kopparberg;20160817;Ytskrapning;5;Agrostis sp.;Agrostis sp.;;
Kopparberg;20160817;Ytskrapning;5;Bergsyra;Rumex acetosella;;
Kopparberg;20160817;Ytskrapning;5;Hönsarv;Cerastium fontanum;;
Kopparberg;20160817;Ytskrapning;5;Krypnarv;Sagina procumbens;;
Kopparberg;20160817;Ytskrapning;5;Kråkvicker;Vicia cracca;;
Kopparberg;20160817;Ytskrapning;5;Kvickrot;Elytrigia repens;;
Kopparberg;20160817;Ytskrapning;5;Röllika;Achillea millefolium;;
Kopparberg;20160817;Ytskrapning;5;Salix sp.;Salix sp.;;
Kopparberg;20160817;Ytskrapning;5;Smällglim;Silene vulgaris;;
Kopparberg;20160817;Ytskrapning;5;Stormåra;Gallium mollugo;;
Kopparberg;20160817;Ytskrapning;5;Storven;Agrostis gigantea;;
Kopparberg;20160817;Ytskrapning;5;Vanlig femfingerört;Potentilla argentea var. argentea;;
Kopparberg;20160817;Ytskrapning;5;Åkerfräken;Equisetum arvense;;
Kopparberg;20160817;Ytskrapning;5;Åkervädd;Knautia arvensis;;
Kopparberg;20160817;Ytskrapning;5;Ängsfryle;Luzula multiflora;;
Kopparberg;20160817;Ytskrapning;5;Ängsklocka;Campanula patula;;
Kopparberg;20160817;Ytskrapning;5;Ängssyra;Rumex acetosa;;
Kopparberg;20160817;Ytskrapning;6;Agrostis sp.;Agrostis sp.;;
Kopparberg;20160817;Ytskrapning;6;Backskärvfrö;Noccaea caerulescens;;
Kopparberg;20160817;Ytskrapning;6;Bergsyra;Rumex acetosella;;
Kopparberg;20160817;Ytskrapning;6;Björk sp.;Björk sp.;liten groddplanta;
Kopparberg;20160817;Ytskrapning;6;Hieracium sp.;Hieracium sp.;;
Kopparberg;20160817;Ytskrapning;6;Hönsarv;Cerastium fontanum;;
Kopparberg;20160817;Ytskrapning;6;Kanadensiskt gullris;Solidago canadensis;;
Kopparberg;20160817;Ytskrapning;6;Kvickrot;Elytrigia repens;;
Kopparberg;20160817;Ytskrapning;6;Röllika;Achillea millefolium;;
Kopparberg;20160817;Ytskrapning;6;Salix sp.;Salix sp.;;
Kopparberg;20160817;Ytskrapning;6;Smällglim;Silene vulgaris;;
Kopparberg;20160817;Ytskrapning;6;Spirea sp.;Spirea sp.;;
Kopparberg;20160817;Ytskrapning;6;Stormåra;Gallium mollugo;;
Kopparberg;20160817;Ytskrapning;6;Storven;Agrostis gigantea;;
Kopparberg;20160817;Ytskrapning;6;Vanlig femfingerört;Potentilla argentea var. argentea;;
Kopparberg;20160817;Ytskrapning;6;Åkerfräken;Equisetum arvense;;
Kopparberg;20160817;Ytskrapning;6;Åkervädd;Knautia arvensis;;
Kopparberg;20160817;Ytskrapning;6;Ängsklocka;Campanula patula;;
Krampen;20160815;Ytskrapning;1;Asp;Populus tremula;;
Krampen;20160815;Ytskrapning;1;Berggröe;Poa compressa;;
Krampen;20160815;Ytskrapning;1;Blomsterlupin;Lupinus polyphyllus;;
Krampen;20160815;Ytskrapning;1;Carex sp.;Carex sp.;;
Krampen;20160815;Ytskrapning;1;Flockfibbla;Hieracium umbellatum;;
Krampen;20160815;Ytskrapning;1;Getväppling;Anthyllis vulneraria;;
Krampen;20160815;Ytskrapning;1;Björk sp.;Björk sp.;;
Krampen;20160815;Ytskrapning;1;Groddplanta dicotyledon;#N/A;mkt liten groddplanta;
Krampen;20160815;Ytskrapning;1;Gråbo;Artemisia vulgaris;;
Krampen;20160815;Ytskrapning;1;Harstarr;Carex leporina;;
Krampen;20160815;Ytskrapning;1;Hundäxing;Dactylis glomerata;;
Krampen;20160815;Ytskrapning;1;Knytling;Herniaria glabra;;
Krampen;20160815;Ytskrapning;1;Käringtand;Lotus corniculatus;;
Krampen;20160815;Ytskrapning;1;Liten blåklocka;Campanula rotundifolia;;
Krampen;20160815;Ytskrapning;1;Poaceae;Poaceae;Steril med inrullade gröna blad (platta);
Krampen;20160815;Ytskrapning;1;Rödklöver;Trifolium pratense;;
Krampen;20160815;Ytskrapning;1;Rödsvingel;Festuca rubra;;
Krampen;20160815;Ytskrapning;1;Röllika;Achillea millefolium;;
Krampen;20160815;Ytskrapning;1;Salix sp.;Salix sp.;;
Krampen;20160815;Ytskrapning;1;Spirea sp.;Spirea sp.;;
Krampen;20160815;Ytskrapning;1;Stormåra;Gallium mollugo;;
Krampen;20160815;Ytskrapning;1;Storven;Agrostis gigantea;;
Krampen;20160815;Ytskrapning;1;Strimsporre;Linaria repens;;
Krampen;20160815;Ytskrapning;1;Tall;Pinus sylvestris;;
Krampen;20160815;Ytskrapning;1;Vanlig femfingerört;Potentilla argentea var. argentea;;
Krampen;20160815;Ytskrapning;1;Vedartad groddplanta;#N/A;Möjligen brakved;
Krampen;20160815;Ytskrapning;1;Vedartad groddplanta x;#N/A;I denna ruta fanns två olika vedartade groddplantor vilka anges som x respektive y;
Krampen;20160815;Ytskrapning;1;Vedartad groddplanta y;#N/A;I denna ruta fanns två olika vedartade groddplantor vilka anges som x respektive y;
Krampen;20160815;Ytskrapning;1;Vitklöver;Trifolium repens;;
Krampen;20160815;Ytskrapning;1;Vårfryle;Luzula pilosa;;
Krampen;20160815;Ytskrapning;1;Björk sp.;Björk sp.;;
Krampen;20160815;Ytskrapning;1;Åkerfräken;Equisetum arvense;;
Krampen;20160815;Ytskrapning;1;Äkta johannesört;Hypericum perforatum;;
Krampen;20160815;Ytskrapning;2;Berggröe;Poa compressa;;
Krampen;20160815;Ytskrapning;2;Bergsyra;Rumex acetosella;;
Krampen;20160815;Ytskrapning;2;Blomsterlupin;Lupinus polyphyllus;;
Krampen;20160815;Ytskrapning;2;Flockfibbla;Hieracium umbellatum;;
Krampen;20160815;Ytskrapning;2;Getväppling;Anthyllis vulneraria;;
Krampen;20160815;Ytskrapning;2;Björk sp.;Björk sp.;;
Krampen;20160815;Ytskrapning;2;Groddplanta dicotyledon;#N/A;mkt liten groddplanta;
Krampen;20160815;Ytskrapning;2;Gulsporre;Linaria vulgaris;;
Krampen;20160815;Ytskrapning;2;Harstarr;Carex leporina;;
Krampen;20160815;Ytskrapning;2;Knytling;Herniaria glabra;;
Krampen;20160815;Ytskrapning;2;Käringtand;Lotus corniculatus;;
Krampen;20160815;Ytskrapning;2;Liten blåklocka;Campanula rotundifolia;;
Krampen;20160815;Ytskrapning;2;Poa sp.;Poa sp.;Steril. Möjligen Festuca sp.;
Krampen;20160815;Ytskrapning;2;Poaceae;Poaceae;;
Krampen;20160815;Ytskrapning;2;Rödsvingel;Festuca rubra;;
Krampen;20160815;Ytskrapning;2;Röllika;Achillea millefolium;;
Krampen;20160815;Ytskrapning;2;Salix sp.;Salix sp.;;
Krampen;20160815;Ytskrapning;2;Smultron;Fragaria vesca;;
Krampen;20160815;Ytskrapning;2;Spirea sp.;Spirea sp.;;
Krampen;20160815;Ytskrapning;2;Stormåra;Gallium mollugo;;
Krampen;20160815;Ytskrapning;2;Storven;Agrostis gigantea;;
Krampen;20160815;Ytskrapning;2;Tall;Pinus sylvestris;;
Krampen;20160815;Ytskrapning;2;Vanlig femfingerört;Potentilla argentea var. argentea;;
Krampen;20160815;Ytskrapning;2;Vedartad groddplanta;#N/A;;
Krampen;20160815;Ytskrapning;2;Vitklöver;Trifolium repens;;
Krampen;20160815;Ytskrapning;2;Vårfryle;Luzula pilosa;;
Krampen;20160815;Ytskrapning;2;Äkta johannesört;Hypericum perforatum;;
Krampen;20160815;Ytskrapning;2;Ängsklocka;Campanula patula;;
Krampen;20160815;Ytskrapning;3;Berggröe;Poa compressa;;
Krampen;20160815;Ytskrapning;3;Bergrör;Calamagrostis epigejos;;
Krampen;20160815;Ytskrapning;3;Blomsterlupin;Lupinus polyphyllus;;
Krampen;20160815;Ytskrapning;3;Flockfibbla;Hieracium umbellatum;;
Krampen;20160815;Ytskrapning;3;Getväppling;Anthyllis vulneraria;;
Krampen;20160815;Ytskrapning;3;Groddplanta dicotyledon;#N/A;fetbladig;
Krampen;20160815;Ytskrapning;3;Gråbo;Artemisia vulgaris;;
Krampen;20160815;Ytskrapning;3;Gulsporre;Linaria vulgaris;;
Krampen;20160815;Ytskrapning;3;Knytling;Herniaria glabra;;
Krampen;20160815;Ytskrapning;3;Käringtand;Lotus corniculatus;;
Krampen;20160815;Ytskrapning;3;Liten blåklocka;Campanula rotundifolia;;
Krampen;20160815;Ytskrapning;3;Poa sp.;Poa sp.;Steril, rännformiga blekgröna blad;
Krampen;20160815;Ytskrapning;3;Rödnarv;Spergularia rubra;;
Krampen;20160815;Ytskrapning;3;Röllika;Achillea millefolium;;
Krampen;20160815;Ytskrapning;3;Salix sp.;Salix sp.;;
Krampen;20160815;Ytskrapning;3;Sandtrav;Arabidopsis arenosa;;
Krampen;20160815;Ytskrapning;3;Spirea sp.;Spirea sp.;;
Krampen;20160815;Ytskrapning;3;Stormåra;Gallium mollugo;;
Krampen;20160815;Ytskrapning;3;Storven;Agrostis gigantea;;
Krampen;20160815;Ytskrapning;3;Tall;Pinus sylvestris;;
Krampen;20160815;Ytskrapning;3;Vanlig femfingerört;Potentilla argentea var. argentea;;
Krampen;20160815;Ytskrapning;3;Vedartad groddplanta;#N/A;;
Krampen;20160815;Ytskrapning;3;Äkta johannesört;Hypericum perforatum;;
Krampen;20160815;Ytskrapning;4;Blomsterlupin;Lupinus polyphyllus;;
Krampen;20160815;Ytskrapning;4;Flockfibbla;Hieracium umbellatum;;
Krampen;20160815;Ytskrapning;4;Getväppling;Anthyllis vulneraria;;
Krampen;20160815;Ytskrapning;4;Gråbo;Artemisia vulgaris;;
Krampen;20160815;Ytskrapning;4;Gråfibbla;Pilosella officinarum;;
Krampen;20160815;Ytskrapning;4;Gulsporre;Linaria vulgaris;;
Krampen;20160815;Ytskrapning;4;Gårdsgroblad;Plantago major subsp. major;;
Krampen;20160815;Ytskrapning;4;Harstarr;Carex leporina;;
Krampen;20160815;Ytskrapning;4;Knytling;Herniaria glabra;;
Krampen;20160815;Ytskrapning;4;Liten blåklocka;Campanula rotundifolia;;
Krampen;20160815;Ytskrapning;4;Rödklöver;Trifolium pratense;;
Krampen;20160815;Ytskrapning;4;Rödsvingel;Festuca rubra;;
Krampen;20160815;Ytskrapning;4;Röllika;Achillea millefolium;;
Krampen;20160815;Ytskrapning;4;Salix sp.;Salix sp.;;
Krampen;20160815;Ytskrapning;4;Sandtrav;Arabidopsis arenosa;;
Krampen;20160815;Ytskrapning;4;Spirea sp.;Spirea sp.;;
Krampen;20160815;Ytskrapning;4;Stormåra;Gallium mollugo;;
Krampen;20160815;Ytskrapning;4;Storven;Agrostis gigantea;;
Krampen;20160815;Ytskrapning;4;Strimsporre;Linaria repens;;
Krampen;20160815;Ytskrapning;4;Tall;Pinus sylvestris;;
Krampen;20160815;Ytskrapning;4;Vanlig femfingerört;Potentilla argentea var. argentea;;
Krampen;20160815;Ytskrapning;4;Vedartad groddplanta;#N/A;;
Krampen;20160815;Ytskrapning;4;Vårfryle;Luzula pilosa;;
Krampen;20160815;Ytskrapning;4;Äkta johannesört;Hypericum perforatum;;
Krampen;20160815;Ytskrapning;5;Asp;Populus tremula;;
Krampen;20160815;Ytskrapning;5;Asp;Populus tremula;;
Krampen;20160815;Ytskrapning;5;Bergsyra;Rumex acetosella;;
Krampen;20160815;Ytskrapning;5;Blomsterlupin;Lupinus polyphyllus;;
Krampen;20160815;Ytskrapning;5;Getväppling;Anthyllis vulneraria;;
Krampen;20160815;Ytskrapning;5;Röllika;Achillea millefolium;;
Krampen;20160815;Ytskrapning;5;Sandtrav;Arabidopsis arenosa;;
Krampen;20160815;Ytskrapning;5;Storven;Agrostis gigantea;;
Krampen;20160815;Ytskrapning;5;Strimsporre;Linaria repens;;
Krampen;20160815;Ytskrapning;5;Tall;Pinus sylvestris;;
Krampen;20160815;Ytskrapning;5;Vedartad groddplanta;#N/A;;
Krampen;20160815;Ytskrapning;5;Äkta johannesört;Hypericum perforatum;;
Krampen;20160815;Ytskrapning;5;Ängsfryle;Luzula multiflora;;
Krampen;20160815;Ytskrapning;6;Bergsyra;Rumex acetosella;;
Krampen;20160815;Ytskrapning;6;Blomsterlupin;Lupinus polyphyllus;;
Krampen;20160815;Ytskrapning;6;Flockfibbla;Hieracium umbellatum;;
Krampen;20160815;Ytskrapning;6;Gråbo;Artemisia vulgaris;;
Krampen;20160815;Ytskrapning;6;Liten blåklocka;Campanula rotundifolia;;
Krampen;20160815;Ytskrapning;6;Rödklöver;Trifolium pratense;;
Krampen;20160815;Ytskrapning;6;Rödsvingel;Festuca rubra;;
Krampen;20160815;Ytskrapning;6;Röllika;Achillea millefolium;;
Krampen;20160815;Ytskrapning;6;Sandnarv;Arenaria serpyllifolia;;
Krampen;20160815;Ytskrapning;6;Sandtrav;Arabidopsis arenosa;;
Krampen;20160815;Ytskrapning;6;Stormåra;Gallium mollugo;;
Krampen;20160815;Ytskrapning;6;Storven;Agrostis gigantea;;
Krampen;20160815;Ytskrapning;6;Strimsporre;Linaria repens;;
Krampen;20160815;Ytskrapning;6;Tall;Pinus sylvestris;;
Krampen;20160815;Ytskrapning;6;Vanlig femfingerört;Potentilla argentea var. argentea;;
Krampen;20160815;Ytskrapning;6;Äkta johannesört;Hypericum perforatum;;
Krampen;20160815;Ytskrapning;6;Ängsfryle;Luzula multiflora;;
Repbäcken;20160818;Ytskrapning;1;Berggröe;Poa compressa;;
Repbäcken;20160818;Ytskrapning;1;Finsk femfingerört;Potentilla intermedia;;
Repbäcken;20160818;Ytskrapning;1;Flockfibbla;Hieracium umbellatum;;
Repbäcken;20160818;Ytskrapning;1;Färgkulla;Cota tinctoria;;
Repbäcken;20160818;Ytskrapning;1;Gråbo;Artemisia vulgaris;;
Repbäcken;20160818;Ytskrapning;1;Gulsporre;Linaria vulgaris;;
Repbäcken;20160818;Ytskrapning;1;Gårdsgroblad;Plantago major subsp. major;;
Repbäcken;20160818;Ytskrapning;1;Hieracium sp.;Hieracium sp.;;
Repbäcken;20160818;Ytskrapning;1;Hieracium sp.;Hieracium sp.;;
Repbäcken;20160818;Ytskrapning;1;Kanadensiskt gullris;Solidago canadensis;;
Repbäcken;20160818;Ytskrapning;1;Kråkvicker;Vicia cracca;;
Repbäcken;20160818;Ytskrapning;1;Maskros;Taraxacum;;
Repbäcken;20160818;Ytskrapning;1;Prästkrage;Leucanthemum vulgare;;
Repbäcken;20160818;Ytskrapning;1;Renfana;Tanacetum vulgare;;
Repbäcken;20160818;Ytskrapning;1;Rödklöver;Trifolium pratense;;
Repbäcken;20160818;Ytskrapning;1;Rödsvingel;Festuca rubra;;
Repbäcken;20160818;Ytskrapning;1;Sandtrav;Arabidopsis arenosa;;
Repbäcken;20160818;Ytskrapning;1;Stormåra;Gallium mollugo;;
Repbäcken;20160818;Ytskrapning;1;Timotej;Phleum pratense;;
Repbäcken;20160818;Ytskrapning;1;Vildmorot;Daucus carota subsp. carota;;
Repbäcken;20160818;Ytskrapning;1;Vit sötväppling;Melilotus albus;;
Repbäcken;20160818;Ytskrapning;1;Åkerfräken;Equisetum arvense;;
Repbäcken;20160818;Ytskrapning;1;Åkervädd;Knautia arvensis;;
Repbäcken;20160818;Ytskrapning;1;Ängsklocka;Campanula patula;;
Repbäcken;20160818;Ytskrapning;2;Asteraceae;#N/A;;
Repbäcken;20160818;Ytskrapning;2;Finsk femfingerört;Potentilla intermedia;;
Repbäcken;20160818;Ytskrapning;2;Färgkulla;Cota tinctoria;;
Repbäcken;20160818;Ytskrapning;2;Groddplanta dicotyledon;#N/A;;
Repbäcken;20160818;Ytskrapning;2;Gråbo;Artemisia vulgaris;;
Repbäcken;20160818;Ytskrapning;2;Kanadensiskt gullris;Solidago canadensis;;
Repbäcken;20160818;Ytskrapning;2;Kråkvicker;Vicia cracca;;
Repbäcken;20160818;Ytskrapning;2;Prästkrage;Leucanthemum vulgare;;
Repbäcken;20160818;Ytskrapning;2;Renfana;Tanacetum vulgare;;
Repbäcken;20160818;Ytskrapning;2;Rödklöver;Trifolium pratense;;
Repbäcken;20160818;Ytskrapning;2;Röllika;Achillea millefolium;;
Repbäcken;20160818;Ytskrapning;2;Timotej;Phleum pratense;;
Repbäcken;20160818;Ytskrapning;2;Vanlig femfingerört;Potentilla argentea var. argentea;;
Repbäcken;20160818;Ytskrapning;2;Vildmorot;Daucus carota subsp. carota;;
Repbäcken;20160818;Ytskrapning;2;Åkerfräken;Equisetum arvense;;
Repbäcken;20160818;Ytskrapning;2;Åkervädd;Knautia arvensis;;
Repbäcken;20160818;Ytskrapning;3;Berggröe;Poa compressa;;
Repbäcken;20160818;Ytskrapning;3;Finsk femfingerört;Potentilla intermedia;;
Repbäcken;20160818;Ytskrapning;3;Flockfibbla;Hieracium umbellatum;;
Repbäcken;20160818;Ytskrapning;3;Foderlosta;Bromopsis inermis;;
Repbäcken;20160818;Ytskrapning;3;Färgkulla;Cota tinctoria;;
Repbäcken;20160818;Ytskrapning;3;Getväppling;Anthyllis vulneraria;;
Repbäcken;20160818;Ytskrapning;3;Groddplanta dicotyledon;#N/A;;
Repbäcken;20160818;Ytskrapning;3;Gråbo;Artemisia vulgaris;;
Repbäcken;20160818;Ytskrapning;3;Hundäxing;Dactylis glomerata;;
Repbäcken;20160818;Ytskrapning;3;Kanadensiskt gullris;Solidago canadensis;;
Repbäcken;20160818;Ytskrapning;3;Kråkvicker;Vicia cracca;;
Repbäcken;20160818;Ytskrapning;3;Kvickrot;Elytrigia repens;;
Repbäcken;20160818;Ytskrapning;3;Liten blåklocka;Campanula rotundifolia;;
Repbäcken;20160818;Ytskrapning;3;Vildmorot;Daucus carota subsp. carota;;
Repbäcken;20160818;Ytskrapning;3;Palsternacka;Pastinaca sativa;;
Repbäcken;20160818;Ytskrapning;3;Poaceae;#N/A;Steril. Möjligen tuvtåtel.;
Repbäcken;20160818;Ytskrapning;3;Prästkrage;Leucanthemum vulgare;;
Repbäcken;20160818;Ytskrapning;3;Rödklöver;Trifolium pratense;;
Repbäcken;20160818;Ytskrapning;3;Rödsvingel;Festuca rubra;;
Repbäcken;20160818;Ytskrapning;3;Röllika;Achillea millefolium;;
Repbäcken;20160818;Ytskrapning;3;Stormåra;Gallium mollugo;;
Repbäcken;20160818;Ytskrapning;3;Timotej;Phleum pratense;;
Repbäcken;20160818;Ytskrapning;3;Vanlig femfingerört;Potentilla argentea var. argentea;;
Repbäcken;20160818;Ytskrapning;3;Vit sötväppling;Melilotus albus;;
Repbäcken;20160818;Ytskrapning;3;Åkervädd;Knautia arvensis;;
Repbäcken;20160818;Ytskrapning;4;Finsk femfingerört;Potentilla intermedia;;
Repbäcken;20160818;Ytskrapning;4;Färgkulla;Cota tinctoria;;
Repbäcken;20160818;Ytskrapning;4;Getväppling;Anthyllis vulneraria;;
Repbäcken;20160818;Ytskrapning;4;Gråbo;Artemisia vulgaris;;
Repbäcken;20160818;Ytskrapning;4;Gulsporre;Linaria vulgaris;;
Repbäcken;20160818;Ytskrapning;4;Kanadensiskt gullris;Solidago canadensis;;
Repbäcken;20160818;Ytskrapning;4;Kvickrot;Elytrigia repens;;
Repbäcken;20160818;Ytskrapning;4;Prästkrage;Leucanthemum vulgare;;
Repbäcken;20160818;Ytskrapning;4;Rödklöver;Trifolium pratense;;
Repbäcken;20160818;Ytskrapning;4;Rödsvingel;Festuca rubra;;
Repbäcken;20160818;Ytskrapning;4;Vanlig femfingerört;Potentilla argentea var. argentea;;
Repbäcken;20160818;Ytskrapning;4;Vit sötväppling;Melilotus albus;;
Repbäcken;20160818;Ytskrapning;4;Åkervädd;Knautia arvensis;;
Repbäcken;20160818;Ytskrapning;5;Bockrot;Pimpinella saxifraga;;
Repbäcken;20160818;Ytskrapning;5;Flockfibbla;Hieracium umbellatum;;
Repbäcken;20160818;Ytskrapning;5;Färgkulla;Cota tinctoria;;
Repbäcken;20160818;Ytskrapning;5;Getväppling;Anthyllis vulneraria;;
Repbäcken;20160818;Ytskrapning;5;Gulsporre;Linaria vulgaris;;
Repbäcken;20160818;Ytskrapning;5;Kanadensiskt gullris;Solidago canadensis;;
Repbäcken;20160818;Ytskrapning;5;Kråkvicker;Vicia cracca;;
Repbäcken;20160818;Ytskrapning;5;Käringtand;Lotus corniculatus;;
Repbäcken;20160818;Ytskrapning;5;Palsternacka;Pastinaca sativa;;
Repbäcken;20160818;Ytskrapning;5;Prästkrage;Leucanthemum vulgare;;
Repbäcken;20160818;Ytskrapning;5;Rödklöver;Trifolium pratense;;
Repbäcken;20160818;Ytskrapning;5;Rödsvingel;Festuca rubra;;
Repbäcken;20160818;Ytskrapning;5;Röllika;Achillea millefolium;;
Repbäcken;20160818;Ytskrapning;5;Stormåra;Gallium mollugo;;
Repbäcken;20160818;Ytskrapning;5;Vanlig femfingerört;Potentilla argentea var. argentea;;
Repbäcken;20160818;Ytskrapning;5;Vildmorot;Daucus carota subsp. carota;;
Repbäcken;20160818;Ytskrapning;5;Vit sötväppling;Melilotus albus;;
Repbäcken;20160818;Ytskrapning;5;Åkervädd;Knautia arvensis;;
Repbäcken;20160818;Ytskrapning;6;Asteraceae;#N/A;;
Repbäcken;20160818;Ytskrapning;6;Bockrot;Pimpinella saxifraga;;
Repbäcken;20160818;Ytskrapning;6;Flockfibbla;Hieracium umbellatum;;
Repbäcken;20160818;Ytskrapning;6;Färgkulla;Cota tinctoria;;
Repbäcken;20160818;Ytskrapning;6;Getväppling;Anthyllis vulneraria;;
Repbäcken;20160818;Ytskrapning;6;Gulsporre;Linaria vulgaris;;
Repbäcken;20160818;Ytskrapning;6;Kråkvicker;Vicia cracca;;
Repbäcken;20160818;Ytskrapning;6;Käringtand;Lotus corniculatus;;
Repbäcken;20160818;Ytskrapning;6;Prästkrage;Leucanthemum vulgare;;
Repbäcken;20160818;Ytskrapning;6;Renfana;Tanacetum vulgare;;
Repbäcken;20160818;Ytskrapning;6;Rödklöver;Trifolium pratense;;
Repbäcken;20160818;Ytskrapning;6;Rödsvingel;Festuca rubra;;
Repbäcken;20160818;Ytskrapning;6;Stormåra;Gallium mollugo;;
Repbäcken;20160818;Ytskrapning;6;Vanlig femfingerört;Potentilla argentea var. argentea;;
Repbäcken;20160818;Ytskrapning;6;Vildmorot;Daucus carota subsp. carota;;
Repbäcken;20160818;Ytskrapning;6;Vit sötväppling;Melilotus albus;;
Repbäcken;20160818;Ytskrapning;6;Åkerfräken;Equisetum arvense;;
Repbäcken;20160818;Ytskrapning;6;Åkervädd;Knautia arvensis;;
Vansbro;20160819;Ytskrapning;1;Agrostis sp.;Agrostis sp.;Ev. två arter varav den ena troligen är storven.;
Vansbro;20160819;Ytskrapning;1;Bergsyra;Rumex acetosella;;
Vansbro;20160819;Ytskrapning;1;Getväppling;Anthyllis vulneraria;;
Vansbro;20160819;Ytskrapning;1;Gulsporre;Linaria vulgaris;;
Vansbro;20160819;Ytskrapning;1;Käringtand;Lotus corniculatus;;
Vansbro;20160819;Ytskrapning;1;Renfana;Tanacetum vulgare;;
Vansbro;20160819;Ytskrapning;1;Rödklöver;Trifolium pratense;;
Vansbro;20160819;Ytskrapning;1;Rödsvingel;Festuca rubra;;
Vansbro;20160819;Ytskrapning;1;Röllika;Achillea millefolium;;
Vansbro;20160819;Ytskrapning;1;Sandnarv;Arenaria serpyllifolia;;
Vansbro;20160819;Ytskrapning;1;Vanlig femfingerört;Potentilla argentea var. argentea;;
Vansbro;20160819;Ytskrapning;1;Vildmorot;Daucus carota subsp. carota;;
Vansbro;20160819;Ytskrapning;1;Vitklöver;Trifolium repens;;
Vansbro;20160819;Ytskrapning;2;Agrostis sp.;Agrostis sp.;Ev. två arter varav den ena troligen är storven.;
Vansbro;20160819;Ytskrapning;2;Berggröe;Poa compressa;;
Vansbro;20160819;Ytskrapning;2;Bergsyra;Rumex acetosella;;
Vansbro;20160819;Ytskrapning;2;Gulsporre;Linaria vulgaris;;
Vansbro;20160819;Ytskrapning;2;Hundäxing;Dactylis glomerata;;
Vansbro;20160819;Ytskrapning;2;Krypnarv;Sagina procumbens;;
Vansbro;20160819;Ytskrapning;2;Kvickrot;Elytrigia repens;;
Vansbro;20160819;Ytskrapning;2;Käringtand;Lotus corniculatus;;
Vansbro;20160819;Ytskrapning;2;Maskros;Taraxacum;;
Vansbro;20160819;Ytskrapning;2;Mjölkört;Chamaenerion angustifolium;;
Vansbro;20160819;Ytskrapning;2;Vildmorot;Daucus carota subsp. carota;;
Vansbro;20160819;Ytskrapning;2;Renfana;Tanacetum vulgare;;
Vansbro;20160819;Ytskrapning;2;Rödklöver;Trifolium pratense;;
Vansbro;20160819;Ytskrapning;2;Rödsvingel;Festuca rubra;;
Vansbro;20160819;Ytskrapning;2;Röllika;Achillea millefolium;;
Vansbro;20160819;Ytskrapning;2;Sandnarv;Arenaria serpyllifolia;;
Vansbro;20160819;Ytskrapning;2;Smultron;Fragaria vesca;;
Vansbro;20160819;Ytskrapning;2;Tall;Pinus sylvestris;;
Vansbro;20160819;Ytskrapning;2;Vanlig femfingerört;Potentilla argentea var. argentea;;
Vansbro;20160819;Ytskrapning;2;Vitklöver;Trifolium repens;;
Vansbro;20160819;Ytskrapning;3;Agrostis sp.;Agrostis sp.;Ev. två arter varav den ena troligen är storven.;
Vansbro;20160819;Ytskrapning;3;Berggröe;Poa compressa;;
Vansbro;20160819;Ytskrapning;3;Bergsyra;Rumex acetosella;;
Vansbro;20160819;Ytskrapning;3;Gråbo;Artemisia vulgaris;;
Vansbro;20160819;Ytskrapning;3;Gulsporre;Linaria vulgaris;;
Vansbro;20160819;Ytskrapning;3;Höstfibbla;Scorzoneroides autumnalis;;
Vansbro;20160819;Ytskrapning;3;Krypnarv;Sagina procumbens;;
Vansbro;20160819;Ytskrapning;3;Käringtand;Lotus corniculatus;;
Vansbro;20160819;Ytskrapning;3;Maskros;Taraxacum;;
Vansbro;20160819;Ytskrapning;3;Renfana;Tanacetum vulgare;;
Vansbro;20160819;Ytskrapning;3;Rödklöver;Trifolium pratense;;
Vansbro;20160819;Ytskrapning;3;Rödsvingel;Festuca rubra;;
Vansbro;20160819;Ytskrapning;3;Smultron;Fragaria vesca;;
Vansbro;20160819;Ytskrapning;3;Vanlig femfingerört;Potentilla argentea var. argentea;;
Vansbro;20160819;Ytskrapning;3;Vitklöver;Trifolium repens;;
Vansbro;20160819;Ytskrapning;4;Agrostis sp.;Agrostis sp.;Ev. två arter varav den ena troligen är storven.;
Vansbro;20160819;Ytskrapning;4;Bergsyra;Rumex acetosella;;
Vansbro;20160819;Ytskrapning;4;Fårsvingel;Festuca ovina;;
Vansbro;20160819;Ytskrapning;4;Getväppling;Anthyllis vulneraria;;
Vansbro;20160819;Ytskrapning;4;Gråbo;Artemisia vulgaris;;
Vansbro;20160819;Ytskrapning;4;Kråkvicker;Vicia cracca;;
Vansbro;20160819;Ytskrapning;4;Käringtand;Lotus corniculatus;;
Vansbro;20160819;Ytskrapning;4;Renfana;Tanacetum vulgare;;
Vansbro;20160819;Ytskrapning;4;Rödklöver;Trifolium pratense;;
Vansbro;20160819;Ytskrapning;4;Rödsvingel;Festuca rubra;;
Vansbro;20160819;Ytskrapning;4;Röllika;Achillea millefolium;;
Vansbro;20160819;Ytskrapning;4;Vanlig femfingerört;Potentilla argentea var. argentea;;
Vansbro;20160819;Ytskrapning;5;Agrostis sp.;Agrostis sp.;Ev. två arter varav den ena troligen är storven.;
Vansbro;20160819;Ytskrapning;5;Bergsyra;Rumex acetosella;;
Vansbro;20160819;Ytskrapning;5;Finsk femfingerört;Potentilla intermedia;;
Vansbro;20160819;Ytskrapning;5;Fårsvingel;Festuca ovina;;
Vansbro;20160819;Ytskrapning;5;Getväppling;Anthyllis vulneraria;;
Vansbro;20160819;Ytskrapning;5;Gråbo;Artemisia vulgaris;;
Vansbro;20160819;Ytskrapning;5;Käringtand;Lotus corniculatus;;
Vansbro;20160819;Ytskrapning;5;Rödsvingel;Festuca rubra;;
Vansbro;20160819;Ytskrapning;5;Stormåra;Gallium mollugo;;
Vansbro;20160819;Ytskrapning;5;Äkta johannesört;Hypericum perforatum;;
Vansbro;20160819;Ytskrapning;6;Agrostis sp.;Agrostis sp.;Ev. två arter varav den ena troligen är storven.;
Vansbro;20160819;Ytskrapning;6;Bergsyra;Rumex acetosella;;
Vansbro;20160819;Ytskrapning;6;Finsk femfingerört;Potentilla intermedia;;
Vansbro;20160819;Ytskrapning;6;Fårsvingel;Festuca ovina;;
Vansbro;20160819;Ytskrapning;6;Getväppling;Anthyllis vulneraria;;
Vansbro;20160819;Ytskrapning;6;Gråbo;Artemisia vulgaris;;
Vansbro;20160819;Ytskrapning;6;Gulsporre;Linaria vulgaris;;
Vansbro;20160819;Ytskrapning;6;Krypnarv;Sagina procumbens;;
Vansbro;20160819;Ytskrapning;6;Kråkvicker;Vicia cracca;;
Vansbro;20160819;Ytskrapning;6;Rödsvingel;Festuca rubra;;
Vansbro;20160819;Ytskrapning;6;Röllika;Achillea millefolium;;
Vansbro;20160819;Ytskrapning;6;Salix sp.;Salix sp.;;
Vansbro;20160819;Ytskrapning;6;Sandnarv;Arenaria serpyllifolia;;
Vansbro;20160819;Ytskrapning;6;Stormåra;Gallium mollugo;;
Vansbro;20160819;Ytskrapning;6;Trifolium sp.;Trifolium sp.;;
Vansbro;20160819;Ytskrapning;6;Vanlig femfingerört;Potentilla argentea var. argentea;;
Vansbro;20160819;Ytskrapning;6;Åkervädd;Knautia arvensis;;
Vansbro;20160819;Ytskrapning;6;Äkta johannesört;Hypericum perforatum;;
